﻿line_id;line_name;municipalities;fare;fare_color;old_line_id;old_operator;area;start_date
2002;A-dos-Cãos - Loures (Centro Saúde);Loures;Longa;237|25|68;818;Henrique Leonardo Mota;Lote 2 - Nordeste;01/07/2022
2003;À-dos-Moninhos - Guerreiros;Loures;Longa;237|25|68;814/817;Henrique Leonardo Mota;Lote 2 - Nordeste;01/07/2022
2004;Bairro de Santa Maria - Loures (Centro Saúde);Loures;Próxima;61|133|198;826;Henrique Leonardo Mota;Lote 2 - Nordeste;01/07/2022
2006;Bemposta - Bucelas | Circular;Loures;Próxima;61|133|198;358;Rodoviária de Lisboa;Lote 2 - Nordeste;01/07/2022
2007;Bucelas - Mato da Cruz | Circular;Loures;Longa;237|25|68;342;Rodoviária de Lisboa;Lote 2 - Nordeste;01/07/2022
2008;Bucelas - Romão Charneca | Circular;Loures;Próxima;61|133|198;357;Rodoviária de Lisboa;Lote 2 - Nordeste;01/07/2022
2011;Cabeço de Montachique - Loures (Centro Saúde), via Murteira;Loures;Longa;237|25|68;211;Henrique Leonardo Mota;Lote 2 - Nordeste;01/07/2022
2013;Conventinho - Torres da Bela Vista;Loures;Longa;237|25|68;431;JJ Santo António;Lote 2 - Nordeste;01/07/2022
2014;Escola Maria Veleda - Frielas;Loures;Longa;237|25|68;417;JJ Santo António;Lote 2 - Nordeste;01/07/2022
2015;Flamenga - Torres da Bela Vista;Loures;Longa;237|25|68;430;JJ Santo António;Lote 2 - Nordeste;01/07/2022
2016;Guerreiros - Hospital Beatriz Ângelo;Loures;Próxima;61|133|198;824;Henrique Leonardo Mota;Lote 2 - Nordeste;01/07/2022
2017;Guerreiros - Loures (Centro Saúde);Loures;Longa;237|25|68;811;Henrique Leonardo Mota;Lote 2 - Nordeste;01/07/2022
2020;Sto. Ant. Cavaleiros | Circular, via Hospital Beatriz Ângelo;Loures;Próxima;61|133|198;416;JJ Santo António;Lote 2 - Nordeste;01/07/2022
2021;Infantado - Santo Antão do Tojal;Loures;Longa;237|25|68;337/338;Rodoviária de Lisboa;Lote 2 - Nordeste;01/07/2022
2022;Loures - Monte Esperança;Loures;Longa;237|25|68;337;Rodoviária de Lisboa;Lote 2 - Nordeste;01/07/2022
2023;Loures (C.Comercial C. Loures) - Sacavém (Estádio);Loures;Longa;237|25|68;301;Rodoviária de Lisboa;Lote 2 - Nordeste;01/07/2022
2025;Loures (Lg Marcos Romão Reis Júnior) - Sacavém (Estação);Loures;Longa;237|25|68;305;Rodoviária de Lisboa;Lote 2 - Nordeste;01/07/2022
2026;Loures | Circular;Loures;Próxima;61|133|198;Nova;Nova;Lote 2 - Nordeste;01/07/2022
2027;Loures | Circular, via Cidade Nova;Loures;Longa;237|25|68;440;JJ Santo António;Lote 2 - Nordeste;01/07/2022
2028;Loures | Circular, via Ponte Frielas;Loures;Longa;237|25|68;441;JJ Santo António;Lote 2 - Nordeste;01/07/2022
2029;Moscavide (Metro) | Circular, via Portela;Loures;Próxima;61|133|198;303;Rodoviária de Lisboa;Lote 2 - Nordeste;01/07/2022
2030;Sacavém (C. Saúde) - Fetais | Circular;Loures;Próxima;61|133|198;711;Rodoviária de Lisboa;Lote 2 - Nordeste;01/07/2022
2031;Sacavém (C. Saúde) | Circular;Loures;Próxima;61|133|198;710;Rodoviária de Lisboa;Lote 2 - Nordeste;01/07/2022
2032;Sacavém (Estação) - Santa Iria da Azóia (Estação);Loures;Longa;237|25|68;Nova;Nova;Lote 2 - Nordeste;01/07/2022
2033;São João da Talha | Circular via Bobadela;Loures;Próxima;61|133|198;Nova;Nova;Lote 2 - Nordeste;01/07/2022
2034;Santa Iria da Azóia | Circular;Loures;Próxima;61|133|198;327;Rodoviária de Lisboa;Lote 2 - Nordeste;01/07/2022
2035;Santo Antão do Tojal | Circular via MARL;Loures;Longa;237|25|68;363;Rodoviária de Lisboa;Lote 2 - Nordeste;01/07/2022
2036;Urbana de Camarate | Circular;Loures;Próxima;61|133|198;306;Rodoviária de Lisboa;Lote 2 - Nordeste;01/07/2022
2037;Zambujal | Circular;Loures;Longa;237|25|68;332;Rodoviária de Lisboa;Lote 2 - Nordeste;01/07/2022
2101;Achada - Lagoa (Colégio Miramar);Mafra;Longa;237|25|68;216;Barraqueiro Transportes;Lote 2 - Nordeste;01/07/2022
2102;Salgados - Lagoa (Colégio Miramar);Mafra;Longa;237|25|68;215;Barraqueiro Transportes;Lote 2 - Nordeste;01/07/2022
2103;Antas - Mafra (Parque Desportivo);Mafra;Longa;237|25|68;222;Barraqueiro Transportes;Lote 2 - Nordeste;01/07/2022
2104;Avessada - Malveira (Terminal);Mafra;Longa;237|25|68;226;Barraqueiro Transportes;Lote 2 - Nordeste;01/07/2022
2105;Barreiralva (Igreja) - Mafra (Parque Desportivo);Mafra;Longa;237|25|68;221;Barraqueiro Transportes;Lote 2 - Nordeste;01/07/2022
2106;Bocal - Mafra (Parque Desportivo);Mafra;Longa;237|25|68;226;Barraqueiro Transportes;Lote 2 - Nordeste;01/07/2022
2107;Bocal - Malveira (Terminal), via Avessada e Portela;Mafra;Longa;237|25|68;226;Barraqueiro Transportes;Lote 2 - Nordeste;01/07/2022
2108;Cachoeira - Malveira;Mafra;Longa;237|25|68;216;Isidoro Duarte;Lote 2 - Nordeste;01/07/2022
2109;Cachoeira - Venda do Pinheiro (Terminal);Mafra;Longa;237|25|68;216;Isidoro Duarte;Lote 2 - Nordeste;01/07/2022
2110;Carvalhal - Mafra (Parque Desportivo), via Mata Grande e Valverde;Mafra;Longa;237|25|68;227;Barraqueiro Transportes;Lote 2 - Nordeste;01/07/2022
2111;Casais da Areia - Lagoa (Colégio Miramar);Mafra;Longa;237|25|68;217;Barraqueiro Transportes;Lote 2 - Nordeste;01/07/2022
2112;Casais de São Lourenço - Ericeira (Terminal);Mafra;Longa;237|25|68;204;Barraqueiro Transportes;Lote 2 - Nordeste;01/07/2022
2113;Casais de São Lourenço - Ericeira (Terminal), via Feiteira;Mafra;Longa;237|25|68;206;Barraqueiro Transportes;Lote 2 - Nordeste;01/07/2022
2114;Charneca - Lagoa (Colégio Miramar);Mafra;Longa;237|25|68;217;Barraqueiro Transportes;Lote 2 - Nordeste;01/07/2022
2115;Codeçal (Tapada Nacional) - Lagoa (Colégio Miramar);Mafra;Longa;237|25|68;219;Barraqueiro Transportes;Lote 2 - Nordeste;01/07/2022
2116;Encarnação - Mafra (Parque Desportivo);Mafra;Longa;237|25|68;221/225;Barraqueiro Transportes;Lote 2 - Nordeste;01/07/2022
2117;Encarnação (Cemitério) - Ericeira (Terminal), via Ribamar;Mafra;Longa;237|25|68;206;Barraqueiro Transportes;Lote 2 - Nordeste;01/07/2022
2118;Encarnação (Cemitério) - Ericeira (Terminal), via Santo Isidoro e Monte Godel;Mafra;Longa;237|25|68;205;Barraqueiro Transportes;Lote 2 - Nordeste;01/07/2022
2119;Encarnação (Cemitério) - Lagoa (Colégio Miramar);Mafra;Longa;237|25|68;217;Barraqueiro Transportes;Lote 2 - Nordeste;01/07/2022
2120;Enxara do Bispo - Ericeira (Terminal);Mafra;Longa;237|25|68;Nova;Nova;Lote 2 - Nordeste;01/07/2022
2121;Enxara do Bispo - Gradil (via Picão);Mafra;Longa;237|25|68;Nova;Nova;Lote 2 - Nordeste;01/07/2022
2122;Enxara do Bispo - Livramento;Mafra;Longa;237|25|68;721;Barraqueiro Transportes;Lote 2 - Nordeste;01/07/2022
2123;Praia da Foz do Lizandro - Praia de Ribeira d'Ilhas;Mafra;Longa;237|25|68;248;Barraqueiro Transportes;Lote 2 - Nordeste;01/07/2022
2124;Urbana da Ericeira 1;Mafra;Próxima;61|133|198;211;Barraqueiro Transportes;Lote 2 - Nordeste;01/07/2022
2125;Urbana da Ericeira 2;Mafra;Próxima;61|133|198;210;Barraqueiro Transportes;Lote 2 - Nordeste;01/07/2022
2126;Ericeira (Terminal) | Circular;Mafra;Próxima;61|133|198;281;Barraqueiro Transportes;Lote 2 - Nordeste;01/07/2022
2127;Ericeira (Terminal) - Barril;Mafra;Longa;237|25|68;204;Barraqueiro Transportes;Lote 2 - Nordeste;01/07/2022
2128;Ericeira (Terminal) - Fonte Boa da Brincosa;Mafra;Longa;237|25|68;203;Barraqueiro Transportes;Lote 2 - Nordeste;01/07/2022
2129;Ericeira (Terminal) - Lagoa (Colégio Miramar);Mafra;Longa;237|25|68;216;Barraqueiro Transportes;Lote 2 - Nordeste;01/07/2022
2130;Ericeira (Terminal) - Lagoa (Colégio Miramar), via Ribamar;Mafra;Longa;237|25|68;216;Barraqueiro Transportes;Lote 2 - Nordeste;01/07/2022
2131;Ericeira (Terminal) - Lagoa (Colégio Miramar), via Santo Isidoro;Mafra;Longa;237|25|68;216;Barraqueiro Transportes;Lote 2 - Nordeste;01/07/2022
2132;Ericeira (Terminal) - Mafra (Terminal);Mafra;Longa;237|25|68;208;Barraqueiro Transportes;Lote 2 - Nordeste;01/07/2022
2133;Ericeira (Terminal) - Mafra (Palácio), via Senhora do Ó;Mafra;Longa;237|25|68;203;Barraqueiro Transportes;Lote 2 - Nordeste;01/07/2022
2134;Ervideira - Gradil;Mafra;Longa;237|25|68;224;Barraqueiro Transportes;Lote 2 - Nordeste;01/07/2022
2135;Igreja Nova - Venda do Pinheiro (Cemitério);Mafra;Longa;237|25|68;239;Barraqueiro Transportes;Lote 2 - Nordeste;01/07/2022
2136;Jerumelo - Mafra (Terminal);Mafra;Longa;237|25|68;Nova;Nova;Lote 2 - Nordeste;01/07/2022
2137;Lagoa (Colégio Miramar) - Mafra (Palácio);Mafra;Longa;237|25|68;215;Barraqueiro Transportes;Lote 2 - Nordeste;01/07/2022
2138;Lagoa (Colégio Miramar) - São Domingos;Mafra;Longa;237|25|68;218;Barraqueiro Transportes;Lote 2 - Nordeste;01/07/2022
2139;Lagoa (Colégio Miramar) - Sobral da Abelheira;Mafra;Longa;237|25|68;219;Barraqueiro Transportes;Lote 2 - Nordeste;01/07/2022
2140;Lagoa (Colégio Miramar) - Sobreiro;Mafra;Longa;237|25|68;215;Barraqueiro Transportes;Lote 2 - Nordeste;01/07/2022
2141;Mafra (Terminal) - Ribamar;Mafra;Longa;237|25|68;Nova;Nova;Lote 2 - Nordeste;01/07/2022
2142;Mafra (Almada) | Circular;Mafra;Próxima;61|133|198;252;Barraqueiro Transportes;Lote 2 - Nordeste;01/07/2022
2143;Mafra (Palácio) - Zambujal;Mafra;Longa;237|25|68;203;Barraqueiro Transportes;Lote 2 - Nordeste;01/07/2022
2144;Mafra (Parque Desportivo) - Livramento;Mafra;Longa;237|25|68;223;Barraqueiro Transportes;Lote 2 - Nordeste;01/07/2022
2145;Mafra (Parque Desportivo) | Circular, via Sobral da Abelheira;Mafra;Longa;237|25|68;233;Barraqueiro Transportes;Lote 2 - Nordeste;01/07/2022
2146;Malveira (Centro Saúde) - Milharado (CASO) | Circular;Mafra;Longa;237|25|68;241;Isidoro Duarte;Lote 2 - Nordeste;01/07/2022
2147;Milharado - Venda do Pinheiro (Terminal);Mafra;Longa;237|25|68;216;Isidoro Duarte;Lote 2 - Nordeste;01/07/2022
2148;Póvoa da Galega - Venda do Pinheiro (Terminal);Mafra;Longa;237|25|68;217;Isidoro Duarte;Lote 2 - Nordeste;01/07/2022
2149;Prezinheira - Venda do Pinheiro (Terminal);Mafra;Longa;237|25|68;215;Isidoro Duarte;Lote 2 - Nordeste;01/07/2022
2150;Carvalhal - Venda do Pinheiro;Mafra;Longa;237|25|68;238;Barraqueiro Transportes;Lote 2 - Nordeste;01/07/2022
2151;Venda do Pinheiro (Terminal) - Vila de Canas;Mafra;Longa;237|25|68;217;Isidoro Duarte;Lote 2 - Nordeste;01/07/2022
2201;Arroja - Odivelas (Metro);Odivelas;Longa;237|25|68;926;Rodoviária de Lisboa;Lote 2 - Nordeste;01/07/2022
2202;Arroja - Sr. Roubado (Metro);Odivelas;Longa;237|25|68;226;Rodoviária de Lisboa;Lote 2 - Nordeste;01/07/2022
2203;Arroja | Circular, via Odivelas (Metro);Odivelas;Longa;237|25|68;208;Rodoviária de Lisboa;Lote 2 - Nordeste;01/07/2022
2204;Caneças - Famões;Odivelas;Próxima;61|133|198;Nova;Nova;Lote 2 - Nordeste;01/07/2022
2205;Caneças (Esc. Secundária) - Odivelas (Metro);Odivelas;Longa;237|25|68;913;Rodoviária de Lisboa;Lote 2 - Nordeste;01/07/2022
2206;Caneças (Esc. Secundária) - Sr. Roubado (Metro);Odivelas;Longa;237|25|68;213;Rodoviária de Lisboa;Lote 2 - Nordeste;01/07/2022
2207;Caneças (Esc. Secundária) - Sr. Roubado (Metro), via Odivelas (Centro);Odivelas;Longa;237|25|68;201/901;Rodoviária de Lisboa;Lote 2 - Nordeste;01/07/2022
2208;Caneças (Jardim) - Vale Nogueira;Odivelas;Longa;237|25|68;212;Rodoviária de Lisboa;Lote 2 - Nordeste;01/07/2022
2209;Casal Bispo - Sr. Roubado (Metro);Odivelas;Longa;237|25|68;4;Rodoviária de Lisboa;Lote 2 - Nordeste;01/07/2022
2210;Jardim da Amoreira - Odivelas (Colinas do Cruzeiro);Odivelas;Longa;237|25|68;Nova;Nova;Lote 2 - Nordeste;01/07/2022
2211;Jardim da Amoreira - Odivelas (Metro);Odivelas;Longa;237|25|68;925;Rodoviária de Lisboa;Lote 2 - Nordeste;01/07/2022
2212;Odivelas (C. Comercial) | Circular;Odivelas;Próxima;61|133|198;237;Rodoviária de Lisboa;Lote 2 - Nordeste;01/07/2022
2213;Odivelas (Metro) - Famões | Circular;Odivelas;Longa;237|25|68;916;Rodoviária de Lisboa;Lote 2 - Nordeste;01/07/2022
2215;Odivelas (Metro) - Ramada (Bairro Bons Dias);Odivelas;Longa;237|25|68;211/934;Rodoviária de Lisboa;Lote 2 - Nordeste;01/07/2022
2216;Odivelas (Metro) - Ramada (Jardim da Radial);Odivelas;Longa;237|25|68;225;Rodoviária de Lisboa;Lote 2 - Nordeste;01/07/2022
2217;Odivelas (Metro) | Circular, via Casal Chapim;Odivelas;Longa;237|25|68;1;Rodoviária de Lisboa;Lote 2 - Nordeste;01/07/2022
2218;Odivelas (Metro) | Circular, via Colinas do Cruzeiro;Odivelas;Longa;237|25|68;229;Rodoviária de Lisboa;Lote 2 - Nordeste;01/07/2022
2219;Odivelas (Metro) | Circular, via Póvoa de Santo Adrião;Odivelas;Longa;237|25|68;207;Rodoviária de Lisboa;Lote 2 - Nordeste;01/07/2022
2220;Olival Basto | Circular, via Póvoa de Santo Adrião e Odivelas (Metro);Odivelas;Próxima;61|133|198;240;Rodoviária de Lisboa;Lote 2 - Nordeste;01/07/2022
2221;Póvoa de Santo Adrião (Parque Urbano) - Sr. Roubado (Metro);Odivelas;Longa;237|25|68;235;Rodoviária de Lisboa;Lote 2 - Nordeste;01/07/2022
2222;Ramada | Circular;Odivelas;Próxima;61|133|198;241;Rodoviária de Lisboa;Lote 2 - Nordeste;01/07/2022
2223;Sr. Roubado (Metro) | Circular, via Casal Novo;Odivelas;Longa;237|25|68;216;Rodoviária de Lisboa;Lote 2 - Nordeste;01/07/2022
2224;Arroja | Circular, via Patameiras (C. Comercial);Odivelas;Longa;237|25|68;209;Rodoviária de Lisboa;Lote 2 - Nordeste;01/07/2022
2225;Odivelas (Metro) | Circular, via Arroja;Odivelas;Longa;237|25|68;3;Rodoviária de Lisboa;Lote 2 - Nordeste;01/07/2022
2302;Alverca - Vila Franca de Xira (Terminal);Vila Franca de Xira;Longa;237|25|68;40/48;Barraqueiro Transportes;Lote 2 - Nordeste;01/07/2022
2303;Alverca (Estação) - Arcena;Vila Franca de Xira;Longa;237|25|68;345;Rodoviária de Lisboa;Lote 2 - Nordeste;01/07/2022
2304;Alverca (Estação) - Bulhaco;Vila Franca de Xira;Longa;237|25|68;57;Barraqueiro Transportes;Lote 2 - Nordeste;01/07/2022
2305;Alverca (Estação) | Circular Via Urbanização da Malvarosa;Vila Franca de Xira;Próxima;61|133|198;Nova;Nova;Lote 2 - Nordeste;01/07/2022
2306;Alverca (Estação) - Vila Franca de Xira (Terminal);Vila Franca de Xira;Longa;237|25|68;44;Barraqueiro Transportes;Lote 2 - Nordeste;01/07/2022
2307;Arcena - Vila Franca de Xira (Terminal);Vila Franca de Xira;Longa;237|25|68;39;Barraqueiro Transportes;Lote 2 - Nordeste;01/07/2022
2309;Bogalhão - Vila Franca de Xira (Terminal), via Subserra;Vila Franca de Xira;Longa;237|25|68;53;Barraqueiro Transportes;Lote 2 - Nordeste;01/07/2022
2310;Bom Retiro - Carregado (Atral-CIPAN);Vila Franca de Xira;Longa;237|25|68;14;Barraqueiro Transportes;Lote 2 - Nordeste;01/07/2022
2311;Cachoeiras - Castanheira do Ribatejo;Vila Franca de Xira;Longa;237|25|68;19;Barraqueiro Transportes;Lote 2 - Nordeste;01/07/2022
2312;Cachoeiras - Vila Franca de Xira (Terminal);Vila Franca de Xira;Longa;237|25|68;19;Barraqueiro Transportes;Lote 2 - Nordeste;01/07/2022
2315;Castanheira do Ribatejo | Circular;Vila Franca de Xira;Longa;237|25|68;Nova;Nova;Lote 2 - Nordeste;01/07/2022
2316;Cotovios - Vila Franca de Xira (Terminal);Vila Franca de Xira;Longa;237|25|68;50;Barraqueiro Transportes;Lote 2 - Nordeste;01/07/2022
2317;Fonte Santa - Póvoa de Santa Iria (Estação), via Morgado;Vila Franca de Xira;Longa;237|25|68;349;Rodoviária de Lisboa;Lote 2 - Nordeste;01/07/2022
2318;Forte da Casa - Póvoa de Santa Iria (Estação) | Circular;Vila Franca de Xira;Próxima;61|133|198;323;Rodoviária de Lisboa;Lote 2 - Nordeste;01/07/2022
2319;Forte da Casa | Circular;Vila Franca de Xira;Próxima;61|133|198;322;Rodoviária de Lisboa;Lote 2 - Nordeste;01/07/2022
2320;Monte Gordo - Vila Franca de Xira (Estação);Vila Franca de Xira;Longa;237|25|68;19;Barraqueiro Transportes;Lote 2 - Nordeste;01/07/2022
2321;Monte Gordo - Vila Franca de Xira (Terminal);Vila Franca de Xira;Longa;237|25|68;19;Barraqueiro Transportes;Lote 2 - Nordeste;01/07/2022
2322;Póvoa de Santa Iria (Estação) | Circular via Bolonha;Vila Franca de Xira;Próxima;61|133|198;Nova;Nova;Lote 2 - Nordeste;01/07/2022
2323;Póvoa de Santa Iria | Circular via Casal da Serra;Vila Franca de Xira;Próxima;61|133|198;324;Rodoviária de Lisboa;Lote 2 - Nordeste;01/07/2022
2324;Póvoa de Santa Iria - Vila Franca de Xira (Terminal);Vila Franca de Xira;Longa;237|25|68;40/41;Barraqueiro Transportes;Lote 2 - Nordeste;01/07/2022
2325;Póvoa de Santa Iria (Estação) - Verdelho Ruivo;Vila Franca de Xira;Longa;237|25|68;350;Rodoviária de Lisboa;Lote 2 - Nordeste;01/07/2022
2327;Póvoa de Santa Iria (Estação) - Vialonga | Circular;Vila Franca de Xira;Longa;237|25|68;351;Rodoviária de Lisboa;Lote 2 - Nordeste;01/07/2022
2328;Póvoa de Santa Iria (Qta Piedade) - Vila Franca de Xira (Terminal);Vila Franca de Xira;Longa;237|25|68;40;Barraqueiro Transportes;Lote 2 - Nordeste;01/07/2022
2329;Qta da Cruz de Pau - Sobralinho;Vila Franca de Xira;Longa;237|25|68;45;Barraqueiro Transportes;Lote 2 - Nordeste;01/07/2022
2331;Torre de Cima e Capelas - Vila Franca de Xira (Hospital), via Povos;Vila Franca de Xira;Próxima;61|133|198;49;Barraqueiro Transportes;Lote 2 - Nordeste;01/07/2022
2333;Vila Franca de Xira (Estação) - Vila Franca de Xira (Hospital), via N1;Vila Franca de Xira;Próxima;61|133|198;49;Barraqueiro Transportes;Lote 2 - Nordeste;01/07/2022
2334;Póvoa de Santa Iria | Circular via Quinta da Piedade;Vila Franca de Xira;Próxima;61|133|198;326;Rodoviária de Lisboa;Lote 2 - Nordeste;01/07/2022
2335;Póvoa de Santa Iria | Circular via Bragadas;Vila Franca de Xira;Próxima;61|133|198;328;Rodoviária de Lisboa;Lote 2 - Nordeste;01/07/2022
2501;Bocal - Malveira (Terminal);Loures, Mafra;Longa;237|25|68;210;Isidoro Duarte;Lote 2 - Nordeste;01/07/2022
2502;Bucelas - Malveira;Loures, Mafra;Longa;237|25|68;340;Rodoviária de Lisboa;Lote 2 - Nordeste;01/07/2022
2503;Bucelas - Santo Antão do Tojal;Loures, Mafra;Longa;237|25|68;335;Rodoviária de Lisboa;Lote 2 - Nordeste;01/07/2022
2504;Carrascal - Ponte de Lousa;Loures, Mafra;Longa;237|25|68;207;Isidoro Duarte;Lote 2 - Nordeste;01/07/2022
2505;Loures (C. Comercial C. Loures) - Malveira;Loures, Mafra;Longa;237|25|68;Nova;Nova;Lote 2 - Nordeste;01/07/2022
2506;Milharado (CASO) - Ponte de Lousa;Loures, Mafra;Longa;237|25|68;Nova;Nova;Lote 2 - Nordeste;01/07/2022
2510;Bucelas - Sr. Roubado (Metro);Loures, Mafra, Odivelas;Longa;237|25|68;335;Rodoviária de Lisboa;Lote 2 - Nordeste;01/07/2022
2511;Bairro dos CTT - Loures (C. Comercial C. Loures);Loures, Odivelas;Longa;237|25|68;Nova;Nova;Lote 2 - Nordeste;01/07/2022
2512;Bucelas - Sr. Roubado (Metro), via Ramada;Loures, Odivelas;Longa;237|25|68;Nova;Nova;Lote 2 - Nordeste;01/07/2022
2513;Caneças (Esc. Secundária) - Loures (Lg Marcos Romão Reis Júnior);Loures, Odivelas;Longa;237|25|68;215;Rodoviária de Lisboa;Lote 2 - Nordeste;01/07/2022
2515;Casal Paradela - Odivelas (Metro);Loures, Odivelas;Longa;237|25|68;214;Rodoviária de Lisboa;Lote 2 - Nordeste;01/07/2022
2516;Casal Paradela - Sr. Roubado (Metro);Loures, Odivelas;Longa;237|25|68;235;Rodoviária de Lisboa;Lote 2 - Nordeste;01/07/2022
2517;Odivelas (Metro) – Hospital Beatriz Ângelo | Circular;Loures, Odivelas;Longa;237|25|68;925;Rodoviária de Lisboa;Lote 2 - Nordeste;01/07/2022
2518;Frielas (Zona Comercial) - Sr. Roubado (Metro);Loures, Odivelas;Longa;237|25|68;238;Rodoviária de Lisboa;Lote 2 - Nordeste;01/07/2022
2519;Loures (C.Comercial C. Loures) - Odivelas (Colinas do Cruzeiro);Loures, Odivelas;Longa;237|25|68;206;Rodoviária de Lisboa;Lote 2 - Nordeste;01/07/2022
2520;Infantado (C.Comercial) - Sr. Roubado (Metro);Loures, Odivelas;Longa;237|25|68;365;Rodoviária de Lisboa;Lote 2 - Nordeste;01/07/2022
2521;Loures (Campo de Jogos) - Odivelas (Metro);Loures, Odivelas;Longa;237|25|68;206;Rodoviária de Lisboa;Lote 2 - Nordeste;01/07/2022
2522;Montemor - Sr. Roubado (Metro);Loures, Odivelas;Longa;237|25|68;202;Rodoviária de Lisboa;Lote 2 - Nordeste;01/07/2022
2523;Odivelas (Metro) - Montemor;Loures, Odivelas;Longa;237|25|68;934;Rodoviária de Lisboa;Lote 2 - Nordeste;01/07/2022
2524;Odivelas (Metro) | Circular, via Hospital Beatriz Ângelo;Loures, Odivelas;Longa;237|25|68;225;Rodoviária de Lisboa;Lote 2 - Nordeste;01/07/2022
2525;Santo Antão do Tojal - Sr. Roubado (Metro);Loures, Odivelas;Longa;237|25|68;337;Rodoviária de Lisboa;Lote 2 - Nordeste;01/07/2022
2530;Alverca (Estação) - Bucelas, via Malvarosa;Loures, Vila Franca de Xira;Longa;237|25|68;342;Rodoviária de Lisboa;Lote 2 - Nordeste;01/07/2022
2532;Alverca (Estação) - Loures;Loures, Vila Franca de Xira;Longa;237|25|68;360;Rodoviária de Lisboa;Lote 2 - Nordeste;01/07/2022
2533;Alverca (Estação) - Santo Antão do Tojal, via Casal das Areias;Loures, Vila Franca de Xira;Longa;237|25|68;346;Rodoviária de Lisboa;Lote 2 - Nordeste;01/07/2022
2534;Loures - Santa Iria da Azóia;Loures, Vila Franca de Xira;Longa;237|25|68;Nova;Nova;Lote 2 - Nordeste;01/07/2022
2535;Loures - Vila Franca de Xira;Loures, Vila Franca de Xira;Longa;237|25|68;Nova;Nova;Lote 2 - Nordeste;01/07/2022
2536;Póvoa de Santa Iria - Salvação | Circular;Loures, Vila Franca de Xira;Longa;237|25|68;325;Rodoviária de Lisboa;Lote 2 - Nordeste;01/07/2022
2537;Póvoa de Santa Iria (Estação) - Santo Antão do Tojal;Loures, Vila Franca de Xira;Longa;237|25|68;348/370;Rodoviária de Lisboa;Lote 2 - Nordeste;01/07/2022
2538;Póvoa de Santa Iria (Estação) - Santo Antão do Tojal, via Zambujal;Loures, Vila Franca de Xira;Longa;237|25|68;370;Rodoviária de Lisboa;Lote 2 - Nordeste;01/07/2022
2539;Sacavém (Estação) - Santa Iria da Azóia (Estação), via Portela da Azóia;Loures, Vila Franca de Xira;Longa;237|25|68;Nova;Nova;Lote 2 - Nordeste;01/07/2022
2540;Santa Iria da Azóia - Vialonga;Loures, Vila Franca de Xira;Longa;237|25|68;Nova;Nova;Lote 2 - Nordeste;01/07/2022
2601;Loures (C. Comercial C. Loures) - Reboleira (Metro);Amadora, Loures, Odivelas;Longa;237|25|68;206;Rodoviária de Lisboa;Lote 2 - Nordeste;01/07/2022
2605;Cacém (Estação) - Loures (Lg Marcos Romão Reis Júnior);Amadora, Loures, Odivelas, Sintra;Longa;237|25|68;215;Rodoviária de Lisboa;Lote 2 - Nordeste;01/07/2022
2610;Odivelas (Metro) - UBBO;Amadora, Odivelas;Longa;237|25|68;Nova;Nova;Lote 2 - Nordeste;01/07/2022
2611;Ramada – UBBO;Amadora, Odivelas;Longa;237|25|68;Nova;Nova;Lote 2 - Nordeste;01/07/2022
2620;Covas de Ferro - Loures (Centro Saúde), via A-Dos-Calvos;Loures, Sintra;Longa;237|25|68;813/822;Henrique Leonardo Mota;Lote 2 - Nordeste;01/07/2022
2621;Covas de Ferro - Pinheiro de Loures;Loures, Sintra;Longa;237|25|68;816;Henrique Leonardo Mota;Lote 2 - Nordeste;01/07/2022
2625;Mafra (Terminal) - São João das Lampas;Mafra, Sintra;Longa;237|25|68;Nova;Nova;Lote 2 - Nordeste;01/07/2022
2626;Mafra (Parque Desportivo) - Portela de Sintra (Estação);Mafra, Sintra;Longa;237|25|68;220;Barraqueiro Transportes;Lote 2 - Nordeste;01/07/2022
2627;Mafra (Parque Desportivo) - Ribeira dos Tostões;Mafra, Sintra;Longa;237|25|68;239;Barraqueiro Transportes;Lote 2 - Nordeste;01/07/2022
2630;Caneças (Esc. Secundária) | Circular;Odivelas, Sintra;Próxima;61|133|198;5;Rodoviária de Lisboa;Lote 2 - Nordeste;01/07/2022
2632;Casal de Cambra (C. Saúde) - Odivelas (Metro), via Bairro Sol Nascente;Odivelas, Sintra;Longa;237|25|68;230;Rodoviária de Lisboa;Lote 2 - Nordeste;01/07/2022
2650;Cidade Nova - Costa da Caparica;Almada, Loures, Odivelas;Mar;0|184|176;470;JJ Santo António;Lote 2 - Nordeste;01/07/2022
2651;Bucelas - Costa da Caparica (Terminal);Almada, Loures, Vila Franca de Xira;Mar;0|184|176;355;Rodoviária de Lisboa;Lote 2 - Nordeste;01/07/2022
2652;Costa da Caparica (Terminal) - Forte da Casa;Almada, Loures, Vila Franca de Xira;Mar;0|184|176;701;Rodoviária de Lisboa;Lote 2 - Nordeste;01/07/2022
2701;Pontinha (Metro) - Vale Grande;Amadora, Lisboa, Odivelas;Longa;237|25|68;227;Rodoviária de Lisboa;Lote 2 - Nordeste;01/07/2022
2702;Lisboa (C. Grande) - Pontinha (Metro);Amadora, Lisboa, Odivelas, Sintra;Longa;237|25|68;931;Rodoviária de Lisboa;Lote 2 - Nordeste;01/07/2022
2703;Bairro de São José - Lisboa (C. Grande) | Circular;Lisboa, Loures;Longa;237|25|68;315;Rodoviária de Lisboa;Lote 2 - Nordeste;01/07/2022
2705;Bairro Espinhal - Lisboa (Oriente) | Circular;Lisboa, Loures;Longa;237|25|68;750;Rodoviária de Lisboa;Lote 2 - Nordeste;01/07/2022
2706;Bucelas - Lisboa (C. Grande), via A8;Lisboa, Loures;Longa;237|25|68;344;Rodoviária de Lisboa;Lote 2 - Nordeste;01/07/2022
2708;Cabeço Aguieira - Lisboa (Oriente);Lisboa, Loures;Longa;237|25|68;309;Rodoviária de Lisboa;Lote 2 - Nordeste;01/07/2022
2709;Camarate | Circular;Lisboa, Loures;Longa;237|25|68;Nova;Nova;Lote 2 - Nordeste;01/07/2022
2710;Catujal (Bairro Alto Moínho) - Lisboa (C. Grande);Lisboa, Loures;Longa;237|25|68;311;Rodoviária de Lisboa;Lote 2 - Nordeste;01/07/2022
2711;Charneca - Lisboa (Oriente);Lisboa, Loures;Longa;237|25|68;310;Rodoviária de Lisboa;Lote 2 - Nordeste;01/07/2022
2713;Lisboa (C. Grande) | Circular, via Charneca;Lisboa, Loures;Longa;237|25|68;312;Rodoviária de Lisboa;Lote 2 - Nordeste;01/07/2022
2714;Lisboa (C. Grande) - Sacavém (Jardim);Lisboa, Loures;Longa;237|25|68;300;Rodoviária de Lisboa;Lote 2 - Nordeste;01/07/2022
2715;Cidade Nova - Lisboa (C. Grande), via A8;Lisboa, Loures;Longa;237|25|68;410;JJ Santo António;Lote 2 - Nordeste;01/07/2022
2716;Cidade Nova - Lisboa (C. Grande), via IC22;Lisboa, Loures;Longa;237|25|68;411;JJ Santo António;Lote 2 - Nordeste;01/07/2022
2717;Lisboa (C. Grande) - Torres da Bela Vista, via IC22;Lisboa, Loures;Longa;237|25|68;421;JJ Santo António;Lote 2 - Nordeste;01/07/2022
2718;Infantado - Lisboa (C. Grande);Lisboa, Loures;Longa;237|25|68;334;Rodoviária de Lisboa;Lote 2 - Nordeste;01/07/2022
2719;Lisboa (C. Grande) - Loures;Lisboa, Loures;Longa;237|25|68;Nova;Nova;Lote 2 - Nordeste;01/07/2022
2720;Lisboa (C. Grande) - Loures (Bairro Urmeira);Lisboa, Loures;Longa;237|25|68;460;JJ Santo António;Lote 2 - Nordeste;01/07/2022
2722;Lisboa (Areeiro) - Via Rara;Lisboa, Loures;Longa;237|25|68;321;Rodoviária de Lisboa;Lote 2 - Nordeste;01/07/2022
2723;Lisboa (C. Grande) - Zambujal;Lisboa, Loures;Longa;237|25|68;333;Rodoviária de Lisboa;Lote 2 - Nordeste;01/07/2022
2724;Lisboa (Oriente) - Loures;Lisboa, Loures;Longa;237|25|68;Nova;Nova;Lote 2 - Nordeste;01/07/2022
2725;Lisboa (Oriente) - Loures (C. Comercial C. Loures);Lisboa, Loures;Longa;237|25|68;301;Rodoviária de Lisboa;Lote 2 - Nordeste;01/07/2022
2726;Lisboa (Oriente) - Loures, via Sacavém;Lisboa, Loures;Longa;237|25|68;Nova;Nova;Lote 2 - Nordeste;01/07/2022
2727;Lisboa (Oriente) - Loures, via Unhos;Lisboa, Loures;Longa;237|25|68;305;Rodoviária de Lisboa;Lote 2 - Nordeste;01/07/2022
2728;Bairro Covina - Lisboa (Oriente);Lisboa, Loures;Longa;237|25|68;317;Rodoviária de Lisboa;Lote 2 - Nordeste;01/07/2022
2729;Lisboa (Oriente) - Portela da Azóia;Lisboa, Loures;Longa;237|25|68;318;Rodoviária de Lisboa;Lote 2 - Nordeste;01/07/2022
2730;Lisboa (Oriente) - Santa Iria da Azóia;Lisboa, Loures;Longa;237|25|68;316;Rodoviária de Lisboa;Lote 2 - Nordeste;01/07/2022
2731;Lisboa (Oriente) - Sacavém | Circular, via Portela;Lisboa, Loures;Longa;237|25|68;308;Rodoviária de Lisboa;Lote 2 - Nordeste;01/07/2022
2732;Lisboa (Pç José Queirós) | Circular, via Sacavém e Camarate;Lisboa, Loures;Longa;237|25|68;302;Rodoviária de Lisboa;Lote 2 - Nordeste;01/07/2022
2733;Loures - Moscavide (Metro);Lisboa, Loures;Longa;237|25|68;Nova;Nova;Lote 2 - Nordeste;01/07/2022
2734;Prior Velho - Sacavém (Estação);Lisboa, Loures;Longa;237|25|68;Nova;Nova;Lote 2 - Nordeste;01/07/2022
2735;Urbana de Sacavém | Circular, via Prior Velho;Lisboa, Loures;Longa;237|25|68;307;Rodoviária de Lisboa;Lote 2 - Nordeste;01/07/2022
2736;Lisboa (C. Grande) | Circular, via Sacavém;Lisboa, Loures;Longa;237|25|68;313;Rodoviária de Lisboa;Lote 2 - Nordeste;01/07/2022
2740;Ericeira (Terminal) - Lisboa (C. Grande), via A8 Venda Pinheiro;Lisboa, Loures, Mafra;Rápida;253|183|26;200/208;Barraqueiro Transportes;Lote 2 - Nordeste;01/07/2022
2741;Ericeira (Terminal) - Lisboa (C. Grande), via  A8 Lousa;Lisboa, Loures, Mafra;Rápida;253|183|26;200/208;Barraqueiro Transportes;Lote 2 - Nordeste;01/07/2022
2742;Lisboa (C. Grande) - Mafra (Terminal), via  A8 Lousa;Lisboa, Loures, Mafra;Rápida;253|183|26;208;Barraqueiro Transportes;Lote 2 - Nordeste;01/07/2022
2743;Lisboa (C. Grande) - Póvoa da Galega, via A8 e Sete Casas;Lisboa, Loures, Mafra;Longa;237|25|68;234;Henrique Leonardo Mota;Lote 2 - Nordeste;01/07/2022
2744;Lisboa (C. Grande) - Póvoa da Galega, via A8 Lousa e Freixeira;Lisboa, Loures, Mafra;Rápida;253|183|26;223;Henrique Leonardo Mota;Lote 2 - Nordeste;01/07/2022
2745;Lisboa (C. Grande) - Póvoa da Galega, via Murteira;Lisboa, Loures, Mafra;Longa;237|25|68;233;Henrique Leonardo Mota;Lote 2 - Nordeste;01/07/2022
2746;Lisboa (C. Grande) - Venda do Pinheiro, via A8 Lousa e Milharado;Lisboa, Loures, Mafra;Rápida;253|183|26;206;Henrique Leonardo Mota;Lote 2 - Nordeste;01/07/2022
2750;Bucelas - Lisboa (C. Grande), via Cabeço de Montachique e Odivelas (Metro);Lisboa, Loures, Mafra, Odivelas;Longa;237|25|68;335;Rodoviária de Lisboa;Lote 2 - Nordeste;01/07/2022
2751;Ericeira (Terminal) - Lisboa (C. Grande) via Loures;Lisboa, Loures, Mafra, Odivelas;Longa;237|25|68;208;Barraqueiro Transportes;Lote 2 - Nordeste;01/07/2022
2752;Lisboa (C. Grande) - Malveira (Terminal), via Loures;Lisboa, Loures, Mafra, Odivelas;Longa;237|25|68;702;Barraqueiro Transportes;Lote 2 - Nordeste;01/07/2022
2753;Lisboa (C. Grande) - Milharado (CASO) via Lousa;Lisboa, Loures, Mafra, Odivelas;Longa;237|25|68;209;Henrique Leonardo Mota;Lote 2 - Nordeste;01/07/2022
2754;Lisboa (C. Grande) - Póvoa da Galega, via Guerreiros e Lousa;Lisboa, Loures, Mafra, Odivelas;Longa;237|25|68;201/237;Henrique Leonardo Mota;Lote 2 - Nordeste;01/07/2022
2755;Lisboa (C. Grande) - Póvoa da Galega, via Casais do Forno;Lisboa, Loures, Mafra, Odivelas;Longa;237|25|68;219;Henrique Leonardo Mota;Lote 2 - Nordeste;01/07/2022
2756;Lisboa (C. Grande) - Póvoa da Galega, via Urbanização do Almirante;Lisboa, Loures, Mafra, Odivelas;Longa;237|25|68;221/237/239;Henrique Leonardo Mota;Lote 2 - Nordeste;01/07/2022
2758;Mafra (Terminal) - Lisboa (C. Grande);Lisboa, Loures, Mafra, Odivelas;Longa;237|25|68;208/229;Barraqueiro Transportes;Lote 2 - Nordeste;01/07/2022
2762;Bucelas - Lisboa (C. Grande), via Ribas;Lisboa, Loures, Odivelas;Longa;237|25|68;336;Rodoviária de Lisboa;Lote 2 - Nordeste;01/07/2022
2764;Bucelas - Lisboa (C. Grande) via S. Julão do Tojal;Lisboa, Loures, Odivelas;Longa;237|25|68;331;Rodoviária de Lisboa;Lote 2 - Nordeste;01/07/2022
2765;Cabeço de Montachique - Lisboa (C. Grande);Lisboa, Loures, Odivelas;Longa;237|25|68;202/220;Henrique Leonardo Mota;Lote 2 - Nordeste;01/07/2022
2768;Casal Paradela - Lisboa (C. Grande);Lisboa, Loures, Odivelas;Longa;237|25|68;214;Rodoviária de Lisboa;Lote 2 - Nordeste;01/07/2022
2769;Cidade Nova - Lisboa (C. Grande);Lisboa, Loures, Odivelas;Longa;237|25|68;412;JJ Santo António;Lote 2 - Nordeste;01/07/2022
2772;Lisboa (C. Grande) - Torres da Bela Vista;Lisboa, Loures, Odivelas;Longa;237|25|68;422/424/426;JJ Santo António;Lote 2 - Nordeste;01/07/2022
2774;Frielas - Lisboa (C. Grande);Lisboa, Loures, Odivelas;Longa;237|25|68;450;JJ Santo António;Lote 2 - Nordeste;01/07/2022
2776;Guerreiros - Lisboa (C. Grande);Lisboa, Loures, Odivelas;Longa;237|25|68;810/811;Henrique Leonardo Mota;Lote 2 - Nordeste;01/07/2022
2778;Lisboa (C. Grande) - Santo Antão do Tojal;Lisboa, Loures, Odivelas;Longa;237|25|68;337;Rodoviária de Lisboa;Lote 2 - Nordeste;01/07/2022
2779;Lisboa (C. Grande) - Santo Antão do Tojal, via Loures (C.Comercial);Lisboa, Loures, Odivelas;Longa;237|25|68;335;Rodoviária de Lisboa;Lote 2 - Nordeste;01/07/2022
2780;Loures (C.Comercial C. Loures) - Pontinha (Metro);Lisboa, Loures, Odivelas;Longa;237|25|68;206;Rodoviária de Lisboa;Lote 2 - Nordeste;01/07/2022
2781;Loures (C.Comercial C. Loures) - Pontinha (Metro), via Ramada;Lisboa, Loures, Odivelas;Longa;237|25|68;228;Rodoviária de Lisboa;Lote 2 - Nordeste;01/07/2022
2785;Covas de Ferro - Lisboa (C. Grande);Lisboa, Loures, Odivelas, Sintra;Longa;237|25|68;813/818;Henrique Leonardo Mota;Lote 2 - Nordeste;01/07/2022
2790;Alverca (Estação) - Lisboa (Areeiro);Lisboa, Loures, Vila Franca de Xira;Longa;237|25|68;320;Rodoviária de Lisboa;Lote 2 - Nordeste;01/07/2022
2791;Alverca (Z. Industrial) - Lisboa (Areeiro);Lisboa, Loures, Vila Franca de Xira;Longa;237|25|68;319;Rodoviária de Lisboa;Lote 2 - Nordeste;01/07/2022
2792;Arcena - Lisboa (Oriente);Lisboa, Loures, Vila Franca de Xira;Longa;237|25|68;347;Rodoviária de Lisboa;Lote 2 - Nordeste;01/07/2022
2794;Forte da Casa - Lisboa (Oriente);Lisboa, Loures, Vila Franca de Xira;Longa;237|25|68;330;Rodoviária de Lisboa;Lote 2 - Nordeste;01/07/2022
2795;Lisboa (C. Grande) - Quinta da Piedade;Lisboa, Loures, Vila Franca de Xira;Longa;237|25|68;329;Rodoviária de Lisboa;Lote 2 - Nordeste;01/07/2022
2796;Lisboa (C. Grande) - Vialonga via Infantado;Lisboa, Loures, Vila Franca de Xira;Longa;237|25|68;354;Rodoviária de Lisboa;Lote 2 - Nordeste;01/07/2022
2797;Lisboa (C. Grande) - Vialonga, via A8;Lisboa, Loures, Vila Franca de Xira;Longa;237|25|68;353;Rodoviária de Lisboa;Lote 2 - Nordeste;01/07/2022
2801;Ericeira (Terminal) - Lisboa (C. Grande), via A21/A8;Lisboa, Mafra;Rápida;253|183|26;207/246;Barraqueiro Transportes;Lote 2 - Nordeste;01/07/2022
2802;Lisboa (C. Grande) - Mafra (Terminal), via A21;Lisboa, Mafra;Rápida;253|183|26;209;Barraqueiro Transportes;Lote 2 - Nordeste;01/07/2022
2803;Ericeira (Terminal) - Lisboa (C. Grande), via Mafra e A21/A8;Lisboa, Mafra;Rápida;253|183|26;209;Barraqueiro Transportes;Lote 2 - Nordeste;01/07/2022
2804;Mafra (Terminal) - Lisboa (C. Grande), via A8 Venda Pinheiro;Lisboa, Mafra;Rápida;253|183|26;200;Barraqueiro Transportes;Lote 2 - Nordeste;01/07/2022
2805;Encarnação - Lisboa (C. Grande), via A8 Venda Pinheiro;Lisboa, Mafra;Rápida;253|183|26;225;Barraqueiro Transportes;Lote 2 - Nordeste;01/07/2022
2806;Lisboa (C. Grande) - Livramento, via A8 Venda Pinheiro;Lisboa, Mafra;Rápida;253|183|26;701;Barraqueiro Transportes;Lote 2 - Nordeste;01/07/2022
2807;Lisboa (C. Grande) - Zambujal, via A8 Venda Pinheiro;Lisboa, Mafra;Rápida;253|183|26;229;Barraqueiro Transportes;Lote 2 - Nordeste;01/07/2022
2810;Arroja - Lisboa (C. Grande);Lisboa, Odivelas;Longa;237|25|68;226;Rodoviária de Lisboa;Lote 2 - Nordeste;01/07/2022
2811;Caneças (Bairro do Monte Verde) - Lisboa (C. Militar);Lisboa, Odivelas;Longa;237|25|68;222;Rodoviária de Lisboa;Lote 2 - Nordeste;01/07/2022
2812;Caneças (Esc. Secundária) - Lisboa (C. Grande), via Sr. Roubado (Metro);Lisboa, Odivelas;Longa;237|25|68;201/901;Rodoviária de Lisboa;Lote 2 - Nordeste;01/07/2022
2813;Casal Novo - Lisboa (C. Militar);Lisboa, Odivelas;Longa;237|25|68;223;Rodoviária de Lisboa;Lote 2 - Nordeste;01/07/2022
2814;Casal Novo - Pontinha (Metro);Lisboa, Odivelas;Longa;237|25|68;223;Rodoviária de Lisboa;Lote 2 - Nordeste;01/07/2022
2815;Jardim da Amoreira - Pontinha (Metro);Lisboa, Odivelas;Longa;237|25|68;228;Rodoviária de Lisboa;Lote 2 - Nordeste;01/07/2022
2816;Lisboa (C. Grande) - Ramada (Bairro Bons Dias);Lisboa, Odivelas;Longa;237|25|68;211;Rodoviária de Lisboa;Lote 2 - Nordeste;01/07/2022
2817;Lisboa (C. Militar) - Odivelas (Metro);Lisboa, Odivelas;Longa;237|25|68;905;Rodoviária de Lisboa;Lote 2 - Nordeste;01/07/2022
2818;Lisboa (C. Militar) - Serra da Amoreira;Lisboa, Odivelas;Longa;237|25|68;228;Rodoviária de Lisboa;Lote 2 - Nordeste;01/07/2022
2819;Lisboa (C. Militar) - Sr. Roubado (Metro);Lisboa, Odivelas;Longa;237|25|68;205;Rodoviária de Lisboa;Lote 2 - Nordeste;01/07/2022
2820;Odivelas (Colinas do Cruzeiro) - Pontinha (Metro);Lisboa, Odivelas;Longa;237|25|68;206;Rodoviária de Lisboa;Lote 2 - Nordeste;01/07/2022
2821;Odivelas (Metro) - Pontinha (Metro);Lisboa, Odivelas;Longa;237|25|68;206;Rodoviária de Lisboa;Lote 2 - Nordeste;01/07/2022
2822;Odivelas (Metro) - Pontinha (Metro), via Serra da Luz;Lisboa, Odivelas;Longa;237|25|68;905;Rodoviária de Lisboa;Lote 2 - Nordeste;01/07/2022
2823;Pedernais (Bairro Girassol) - Pontinha (Metro);Lisboa, Odivelas;Longa;237|25|68;222;Rodoviária de Lisboa;Lote 2 - Nordeste;01/07/2022
2824;Pontinha (Metro) - Sr. Roubado (Metro);Lisboa, Odivelas;Longa;237|25|68;205;Rodoviária de Lisboa;Lote 2 - Nordeste;01/07/2022
2830;Casal Bispo - Lisboa (C. Militar);Lisboa, Odivelas, Sintra;Longa;237|25|68;203;Rodoviária de Lisboa;Lote 2 - Nordeste;01/07/2022
2831;Casal Bispo - Pontinha (Metro);Lisboa, Odivelas, Sintra;Longa;237|25|68;203;Rodoviária de Lisboa;Lote 2 - Nordeste;01/07/2022
2832;Casal Novo - Lisboa (C. Militar), via Casal de Cambra;Lisboa, Odivelas, Sintra;Longa;237|25|68;236;Rodoviária de Lisboa;Lote 2 - Nordeste;01/07/2022
2833;Pontinha (Metro) | Circular, via Casal Novo;Lisboa, Odivelas, Sintra;Longa;237|25|68;236;Rodoviária de Lisboa;Lote 2 - Nordeste;01/07/2022
2841;Lisboa (C. Grande) - Sobralinho;Lisboa, Vila Franca de Xira;Longa;237|25|68;72;Barraqueiro Transportes;Lote 2 - Nordeste;01/07/2022
2842;Lisboa (C. Grande) - Vila Franca de Xira;Lisboa, Vila Franca de Xira;Longa;237|25|68;3/48;Barraqueiro Transportes;Lote 2 - Nordeste;01/07/2022
2850;Costa da Caparica - Póvoa de Santo Adrião (Parque Urbano);Almada, Lisboa, Odivelas;Mar;0|184|176;233;Rodoviária de Lisboa;Lote 2 - Nordeste;01/07/2022
2900;Lisboa (C. Grande) - São Sebastião, via A8 Venda Pinheiro;Lisboa, Mafra, Sobral de Monte Agraço (CIM Oeste);Rápida;253|183|26;230;Barraqueiro Transportes;Lote 2 - Nordeste;01/07/2022
2901;Rolia - Venda do Pinheiro (Terminal);Loures, Mafra, Arruda dos Vinhos (CIM Oeste);Longa;237|25|68;215;Isidoro Duarte;Lote 2 - Nordeste;01/07/2022
2905;Aranha (Rotunda) - Ericeira (Terminal);Mafra, Torres Vedras (CIM Oeste);Longa/ Inter-regional;187|62|150;204;Barraqueiro Transportes;Lote 2 - Nordeste;01/07/2022
2906;Assenta - Encarnação Cruz;Mafra, Torres Vedras (CIM Oeste);Longa;237|25|68;241;Barraqueiro Transportes;Lote 2 - Nordeste;01/07/2022
2907;Assenta - Ericeira (Terminal);Mafra, Torres Vedras (CIM Oeste);Longa;237|25|68;204;Barraqueiro Transportes;Lote 2 - Nordeste;01/07/2022
2908;Cambelas - Encarnação Cruz;Mafra, Torres Vedras (CIM Oeste);Longa/ Inter-regional;187|62|150;241;Barraqueiro Transportes;Lote 2 - Nordeste;01/07/2022
2909;Cambelas - Freiria (E.B. 2-3);Mafra, Torres Vedras (CIM Oeste);Longa/ Inter-regional;187|62|150;241;Barraqueiro Transportes;Lote 2 - Nordeste;01/07/2022
2910;Ervideira - Malveira (Terminal);Mafra, Sobral de Monte Agraço (CIM Oeste);Longa;237|25|68;231;Barraqueiro Transportes;Lote 2 - Nordeste;01/07/2022
2911;Ervideira-Malveira, via Esc. Armando Lucena;Mafra, Sobral de Monte Agraço (CIM Oeste);Longa;237|25|68;231;Barraqueiro Transportes;Lote 2 - Nordeste;01/07/2022
2912;São Sebastião - Malveira (Terminal);Mafra, Sobral de Monte Agraço (CIM Oeste);Longa;237|25|68;231;Barraqueiro Transportes;Lote 2 - Nordeste;01/07/2022
2913;Mafra (Parque Desportivo) - Pero Negro (Estação);Mafra, Sobral de Monte Agraço (CIM Oeste);Longa;237|25|68;224/721;Barraqueiro Transportes;Lote 2 - Nordeste;01/07/2022
2914;Mafra (Parque Desportivo) - São Pedro da Cadeira (Rotunda da Aranha);Mafra, Torres Vedras (CIM Oeste);Longa/ Inter-regional;187|62|150;221;Barraqueiro Transportes;Lote 2 - Nordeste;01/07/2022
2915;Malveira (Terminal) - Vila Franca do Rosário;Mafra, Sobral de Monte Agraço (CIM Oeste);Longa;237|25|68;230;Barraqueiro Transportes;Lote 2 - Nordeste;01/07/2022
2920;A-do-Mourão - Alverca (Estação);Vila Franca de Xira, Arruda dos Vinhos (CIM Oeste);Longa;237|25|68;58;Barraqueiro Transportes;Lote 2 - Nordeste;01/07/2022
2921;Alhandra - Arruda dos Vinhos;Vila Franca de Xira, Arruda dos Vinhos (CIM Oeste);Longa/ Inter-regional;187|62|150;59;Barraqueiro Transportes;Lote 2 - Nordeste;01/07/2022
2926;Cadafais - Vila Franca de Xira (Terminal), via Cachoeiras;Vila Franca de Xira, Alenquer (CIM Oeste);Longa;237|25|68;18;Barraqueiro Transportes;Lote 2 - Nordeste;01/07/2022
2927;Cadafais - Vila Franca de Xira (Terminal), via Loja Nova;Vila Franca de Xira, Alenquer (CIM Oeste);Longa;237|25|68;19;Barraqueiro Transportes;Lote 2 - Nordeste;01/07/2022
2928;Casais da Granja - Vila Franca de Xira (Estação);Vila Franca de Xira, Alenquer (CIM Oeste), Arruda dos Vinhos (CIM Oeste);Longa;237|25|68;16;Barraqueiro Transportes;Lote 2 - Nordeste;01/07/2022