line_id;line_name;municipalities;fare_color;old_line_id;old_operator
4001;Alcochete | Circular;Alcochete;61|133|198;Nova;Nova
4002;São Francisco | Circular;Alcochete;237|25|68;Nova;Nova
4101;Alhos Vedros (Escola José Afonso) - Arroteias;Moita;237|25|68;336 (Adaptado);Transportes Sul do Tejo
4102;Cabeço Verde - Sarilhos Pequenos;Moita;237|25|68;312 (Adaptado);Transportes Sul do Tejo
4103;Moita (Estação) - Sarilhos Pequenos;Moita;61|133|198;318;Transportes Sul do Tejo
4104;Moita | Circular;Moita;61|133|198;313 (Adaptado);Transportes Sul do Tejo
4201;Afonsoeiro - Bairro da Liberdade;Montijo;237|25|68;453;Transportes Sul do Tejo
4202;Afonsoeiro - Bairro do Saldanha, via Bairro da Calçada;Montijo;237|25|68;404;Transportes Sul do Tejo
4203;Afonsoeiro - Montijo (Terminal Fluvial), via Bairro da Liberdade;Montijo;61|133|198;403;Transportes Sul do Tejo
4204;Bairro do Charqueirão - Montijo (Terminal Fluvial);Montijo;61|133|198;401;Transportes Sul do Tejo
4205;Bairro do Charqueirão - Montijo (Terminal Fluvial), via Vale Porim;Montijo;237|25|68;401;Transportes Sul do Tejo
4206;Bairro Esteval - Montijo (Terminal Fluvial);Montijo;61|133|198;403;Transportes Sul do Tejo
4207;Montijo (Área Comercial) - Montijo (Terminal Fluvial);Montijo;61|133|198;401;Transportes Sul do Tejo
4208;Montijo (Terminal Rodoviário) - Sarilhos Grandes (Estr. 4 Marcos);Montijo;237|25|68;Nova;Nova
4211;Craveiras - Pegões | Circular;Montijo;61|133|198;Nova;Nova
4212;Foros Boavista - Pegões;Montijo;237|25|68;441;Transportes Sul do Tejo
4301;Palmela (Centro) - Palmela (Terminal);Palmela;61|133|198;680;Transportes Sul do Tejo
4302;Palmela (Estação) - Palmela (Terminal);Palmela;237|25|68;454;Transportes Sul do Tejo
4303;Palmela | Circular;Palmela;61|133|198;Nova;Nova
4304;Palmela (Terminal) - Penalva;Palmela;237|25|68;Nova;Nova
4305;Brejos do Assa - Palmela (Terminal);Palmela;237|25|68;447;Transportes Sul do Tejo
4306;Cabanas - Palmela (Terminal);Palmela;237|25|68;768;Transportes Sul do Tejo
4307;Loja Nova - Palmela (Terminal);Palmela;237|25|68;454;Transportes Sul do Tejo
4308;Palmela (Terminal) - Pinhal Novo (Estação);Palmela;237|25|68;Nova;Nova
4310;Águas de Moura - Poceirão;Palmela;237|25|68;710;Transportes Sul do Tejo
4311;Asseiceira - Poceirão;Palmela;237|25|68;455;Transportes Sul do Tejo
4312;Poceirão - Vale Abrunheira (X), via Fernando Pó;Palmela;237|25|68;711;Transportes Sul do Tejo
4313;Cabanas - Penalva;Palmela;237|25|68;Nova;Nova
4320;Pinhal Novo | Circular;Palmela;61|133|198;449;Transportes Sul do Tejo
4321;Pinhal Novo - Qta do Anjo;Palmela;237|25|68;449;Transportes Sul do Tejo
4322;Pinhal Novo - Rio Frio;Palmela;237|25|68;448;Transportes Sul do Tejo
4401;Cachofarra - Setúbal (Hospital);Setúbal;237|25|68;Nova;Nova
4402;Estefanilha - Setúbal (ITS);Setúbal;237|25|68;780;Transportes Sul do Tejo
4403;Fonte da Talha - Setúbal (Av. Luísa Todi);Setúbal;61|133|198;604;Transportes Sul do Tejo
4404;Interfaces Setúbal | Circular;Setúbal;61|133|198;Nova;Nova
4405;Livramento-Montebelo | Circular;Setúbal;237|25|68;Nova;Nova
4406;Manteigadas - Setúbal (Mercado);Setúbal;61|133|198;601;Transportes Sul do Tejo
4407;Manteigadas - Setúbal (Mercado), via Bairro da Carmona;Setúbal;237|25|68;616;Transportes Sul do Tejo
4408;Manteigadas - Setúbal (Mercado), via Bela Vista;Setúbal;237|25|68;601;Transportes Sul do Tejo
4409;Setúbal (Bº Quinta Santo António) - Setúbal (Bº Viso), via Montebelo;Setúbal;237|25|68;Nova;Nova
4410;Manteigadas (Esc. Profissional) - Setúbal (Alegro);Setúbal;237|25|68;Nova;Nova
4411;Morgada - Setúbal (ITS);Setúbal;237|25|68;781;Transportes Sul do Tejo
4412;Morgada - Setúbal (Mercado);Setúbal;237|25|68;601;Transportes Sul do Tejo
4413;Morgada - Setúbal (Mercado), via Bela Vista;Setúbal;237|25|68;601;Transportes Sul do Tejo
4414;Outão (Hospital) - Setúbal (ITS);Setúbal;237|25|68;751;Transportes Sul do Tejo
4415;Outão (Hospital) - Setúbal (ITS), via vale da Rasca;Setúbal;237|25|68;751;Transportes Sul do Tejo
4416;Poço Mouro - Setúbal (ITS);Setúbal;237|25|68;602;Transportes Sul do Tejo
4417;Poço Mouro - Setúbal (ITS), via Manteigadas;Setúbal;237|25|68;602;Transportes Sul do Tejo
4418;Setúbal (Alegro) - Setúbal (Av. 5 Outubro);Setúbal;237|25|68;602;Transportes Sul do Tejo
4419;Brejos Canes - Setúbal (Saboaria);Setúbal;237|25|68;612;Transportes Sul do Tejo
4420;Setúbal (Alegro) - Setúbal (ITS);Setúbal;61|133|198;602;Transportes Sul do Tejo
4421;Setúbal (Bairro Camolas) - Setúbal (Casal Figueiras);Setúbal;237|25|68;609/614;Transportes Sul do Tejo
4422;Setúbal (Bairro Camolas) - Setúbal (Casal Figueiras), via Bairro do Viso;Setúbal;237|25|68;609/614;Transportes Sul do Tejo
4423;Amoreiras – Setúbal (Av. Luísa Todi);Setúbal;61|133|198;604;Transportes Sul do Tejo
4424;Setúbal (Bairro Viso) - Manteigadas (Piscinas);Setúbal;237|25|68;608;Transportes Sul do Tejo
4425;Setúbal (Escola Viso) - Mitrena;Setúbal;237|25|68;608;Transportes Sul do Tejo
4426;Setúbal (Bairro do Viso) - Setúbal (Bairro Quinta Santo António) ;Setúbal;61|133|198;608;Transportes Sul do Tejo
4427;Setúbal (Bela Vista) - Setúbal (Mercado);Setúbal;61|133|198;Nova;Nova
4428;Setúbal (Casal Figueiras) - Vale Ana Gomes;Setúbal;237|25|68;609;Transportes Sul do Tejo
4429;Setúbal (Centro Saúde) - Setúbal (Mercado);Setúbal;237|25|68;Nova;Nova
4430;Setúbal (Hospital) - Setúbal (Montalvão);Setúbal;61|133|198;Nova;Nova
4431;Setúbal (ITS) - Setúbal (Quinta Varzinha);Setúbal;61|133|198;605;Transportes Sul do Tejo
4432;Setúbal (ITS) - Vale de Choupo;Setúbal;237|25|68;Nova;Nova
4433;Alto Guerra - Setúbal (Casal Figueiras);Setúbal;237|25|68;614;Transportes Sul do Tejo
4434;Setúbal (Mercado 2 de Abril) - Setúbal (R. Timor);Setúbal;61|133|198;607;Transportes Sul do Tejo
4435;Biscainho - Faralhão;Setúbal;237|25|68;Nova;Nova
4436;Setúbal (Mercado) - Setúbal (Terroa);Setúbal;61|133|198;601;Transportes Sul do Tejo
4437;Faralhão - Setúbal (ITS);Setúbal;237|25|68;780;Transportes Sul do Tejo
4438;Setúbal (Monte Belo Norte) - Setúbal (Saboaria);Setúbal;237|25|68;610;Transportes Sul do Tejo
4439;Praias do Sado - Setúbal (ITS);Setúbal;237|25|68;797;Transportes Sul do Tejo
4440;Setúbal (Monte Belo Norte) - Setúbal (Saboaria), via Alegro;Setúbal;237|25|68;610;Transportes Sul do Tejo
4441;Setúbal (Saboaria) - Setúbal (Vale Cobro);Setúbal;237|25|68;612;Transportes Sul do Tejo
4442;Praias do Sado (Estação) - Setúbal (Bela Vista);Setúbal;237|25|68;766;Transportes Sul do Tejo
4443;Setúbal (Politécnico) - Praias do Sado;Setúbal;237|25|68;Nova;Nova
4451;Mitrena (Lisnave) - Setúbal (ITS);Setúbal;237|25|68;776;Transportes Sul do Tejo
4452;Mitrena (Portucel) - Setúbal (ITS);Setúbal;237|25|68;756;Transportes Sul do Tejo
4453;Mitrena (Portucel) - Setúbal (ITS), via Estrada Graça;Setúbal;237|25|68;757;Transportes Sul do Tejo
4460;Azeitão | Circular;Setúbal;237|25|68;Nova;Nova
4470;Brejos Azeitão - Praia do Creiro;Setúbal;237|25|68;727;Transportes Sul do Tejo
4471;Praia Albarquel | Circular;Setúbal;237|25|68;726;Transportes Sul do Tejo
4472;Praia do Creiro - Setúbal (ITS);Setúbal;237|25|68;723;Transportes Sul do Tejo
4474;Figueirinha - Setúbal (Alegro);Setúbal;237|25|68;725;Transportes Sul do Tejo
4476;Praias Arrábida | Circular;Setúbal;237|25|68;723;Transportes Sul do Tejo
4501;Alcochete - Montijo (Terminal Fluvial);Alcochete,Montijo;237|25|68;412 (Adaptado);Transportes Sul do Tejo
4502;Alcochete - Passil;Alcochete,Montijo;237|25|68;419;Transportes Sul do Tejo
4503;Atalaia (Bairro Charqueirão) - Montijo (Bairro Areias);Montijo;237|25|68;Nova;Nova
4504;Montijo (Terminal Fluvial) - Passil;Alcochete,Montijo;237|25|68;415;Transportes Sul do Tejo
4510;Alcochete (Freeport) - Montijo (Terminal Rodoviário);Alcochete,Montijo;237|25|68;413;Transportes Sul do Tejo
4511;Alcochete (Freeport) - Montijo (Terminal Rodoviário), via Samouco;Alcochete,Montijo;237|25|68;410;Transportes Sul do Tejo
4512;Alcochete (Freeport) - Setúbal (ITS), via Alto Estanqueiro;Alcochete,Montijo,Palmela,Setúbal;237|25|68;413;Transportes Sul do Tejo
4513;Alcochete (Freeport) - Pinhal Novo;Alcochete,Montijo,Palmela;237|25|68;413;Transportes Sul do Tejo
4514;Canha - Montijo (Terminal Rodoviário), via Pegões;Alcochete,Montijo,Palmela;237|25|68;414/416;Transportes Sul do Tejo
4515;Montijo (Terminal Rodoviário) - Pegões;Alcochete,Montijo,Palmela;237|25|68;416;Transportes Sul do Tejo
4516;Montijo (Terminal Rodoviário) - Rio Frio;Alcochete,Montijo,Palmela;237|25|68;426;Transportes Sul do Tejo
4517;Montijo (Terminal Rodoviário) - Setúbal (ITS);Montijo,Palmela,Setúbal;237|25|68;413;Transportes Sul do Tejo
4520;Faias - Pegões;Montijo,Palmela;237|25|68;444;Transportes Sul do Tejo
4521;Faias - Pinhal Novo;Montijo,Palmela;237|25|68;446;Transportes Sul do Tejo
4522;Faias - Poceirão;Montijo,Palmela;237|25|68;446;Transportes Sul do Tejo
4523;Montijo (Terminal Rodoviário) - Pinhal Novo;Montijo,Palmela;237|25|68;413;Transportes Sul do Tejo
4524;Palmela (Terminal) - Pegões;Montijo,Palmela;237|25|68;447;Transportes Sul do Tejo
4530;Bairro Vila Morena - Pinhal Novo;Moita,Montijo,Palmela;237|25|68;451;Transportes Sul do Tejo
4531;Moita - Palmela (Terminal);Moita,Palmela;237|25|68;326 (Adaptado);Transportes Sul do Tejo
4532;Moita - Quatro Marcos;Moita,Palmela;237|25|68;313 (Adaptado);Transportes Sul do Tejo
4540;Águas de Moura - Setúbal (ITS);Palmela,Setúbal;237|25|68;764/765;Transportes Sul do Tejo
4541;Algeruz - Setúbal (Av. Luísa Todi);Palmela,Setúbal;237|25|68;610;Transportes Sul do Tejo
4542;Algeruz - Setúbal (ITS);Palmela,Setúbal;237|25|68;779;Transportes Sul do Tejo
4543;Algeruz - Setúbal (ITS), via Poçoilos;Palmela,Setúbal;237|25|68;779;Transportes Sul do Tejo
4544;Bairro Margaça - Setúbal (ITS);Palmela,Setúbal;237|25|68;764/765;Transportes Sul do Tejo
4545;Biscainho - Setúbal (Bela Vista);Palmela,Setúbal;237|25|68;708;Transportes Sul do Tejo
4546;Biscainho - Setúbal (ITS);Palmela,Setúbal;237|25|68;774;Transportes Sul do Tejo
4547;Cabanas - Setúbal (ITS);Palmela,Setúbal;237|25|68;767;Transportes Sul do Tejo
4548;Lagameças - Setúbal (ITS);Palmela,Setúbal;237|25|68;758;Transportes Sul do Tejo
4549;Palmela (Terminal) - Setúbal (ITS);Palmela,Setúbal;237|25|68;767;Transportes Sul do Tejo
4550;Palmela (Terminal) - Vila Nogueira de Azeitão;Palmela,Setúbal;237|25|68;768;Transportes Sul do Tejo
4551;Palmela (USF) - Setúbal (Av. Luísa Todi);Palmela,Setúbal;237|25|68;604;Transportes Sul do Tejo
4560;São Gonçalo - Vila Nogueira de Azeitão;Palmela,Setúbal;237|25|68;257;Transportes Sul do Tejo
4561;São Gonçalo - Vila Nogueira de Azeitão, via Quinta do Picão;Palmela,Setúbal;237|25|68;257;Transportes Sul do Tejo
4562;Setúbal (ITS) - Vila Nogueira de Azeitão, via Palmela (Estação);Palmela,Setúbal;237|25|68;767;Transportes Sul do Tejo
4562;Setúbal (ITS) - Vila Nogueira de Azeitão, via Palmela (Estação);Palmela,Setúbal;237|25|68;768;Transportes Sul do Tejo
4600;Alcochete (Freeport) - Barreiro (Terminal);Alcochete,Barreiro,Moita,Montijo;237|25|68;410;Transportes Sul do Tejo
4601;Barreiro (Terminal) - Montijo (Terminal Rodoviário);Barreiro,Moita,Montijo;237|25|68;410;Transportes Sul do Tejo
4602;Alhos Vedros (Estação) - Barreiro (Terminal);Barreiro,Moita;237|25|68;317;Transportes Sul do Tejo
4603;Barreiro (Terminal) - Chão Duro;Barreiro,Moita;237|25|68;410;Transportes Sul do Tejo
4604;Barreiro (Terminal) - Moita (Esc. Secundária);Barreiro,Moita;237|25|68;307 (Adaptado);Transportes Sul do Tejo
4605;Lavradio - Pinhal do Forno;Barreiro,Moita;237|25|68;330;Transportes Sul do Tejo
4610;Bairro dos Marinheiros - Barreiro (Terminal);Barreiro,Palmela;237|25|68;305;Transportes Sul do Tejo
4611;Penalva - Moita (Esc. Secundária);Barreiro,Moita,Palmela;237|25|68;311 (Adaptado);Transportes Sul do Tejo
4612;Bairro dos Marinheiros - Palmela (Terminal);Barreiro,Palmela;237|25|68;Nova;Nova
4620;Moita - Paio Pires;Barreiro,Moita,Seixal;237|25|68;302;Transportes Sul do Tejo
4621;Moita - Seixal (Terminal Fluvial);Barreiro,Moita,Seixal;237|25|68;Nova;Nova
4632;Coina (Estação) - Quinta do Anjo;Barreiro,Palmela,Seixal,Sesimbra,Setúbal;237|25|68;Nova;Nova
4640;Casais da Serra - Vila Nogueira de Azeitão;Setúbal;237|25|68;259;Transportes Sul do Tejo
4641;Quinta do Conde - Setúbal (ITS);Sesimbra,Setúbal;237|25|68;770;Transportes Sul do Tejo
4642;Sesimbra (Terminal) - Setúbal (Hospital);Sesimbra,Setúbal;237|25|68;230;Transportes Sul do Tejo
4643;Montijo (Av. Inf. D. Henrique) - Sesimbra (Terminal);Montijo,Sesimbra,Setúbal;0|184|176;440;Transportes Sul do Tejo
4701;Lisboa (Oriente) - Vale da Amoreira;Lisboa,Moita,Montijo;253|183|26;333;Transportes Sul do Tejo
4702;Lisboa (Oriente) - Valbom;Alcochete,Lisboa;253|183|26;432;Transportes Sul do Tejo
4703;Lisboa (Oriente) - Montijo (Terminal Rodoviário), via Alcochete e Samouco;Alcochete,Lisboa,Montijo;253|183|26;431;Transportes Sul do Tejo
4704;Atalaia - Lisboa (Oriente);Alcochete,Lisboa,Montijo;253|183|26;432;Transportes Sul do Tejo
4705;Lisboa (Oriente) - Samouco;Alcochete,Lisboa,Montijo;253|183|26;435;Transportes Sul do Tejo
4706;São Francisco - Lisboa (Oriente);Alcochete,Lisboa,Montijo;253|183|26;453;Transportes Sul do Tejo
4707;Lisboa (Oriente) - Montijo (Terminal Rodoviário);Lisboa,Montijo;253|183|26;435;Transportes Sul do Tejo
4710;Lisboa (Oriente) - Palmela (Terminal);Lisboa,Palmela;253|183|26;565;Transportes Sul do Tejo
4711;Lisboa (Oriente) - Pinhal Novo;Lisboa,Palmela;253|183|26;565;Transportes Sul do Tejo
4715;Lisboa (Oriente) - Setúbal (Várzea), via Pinhal Novo;Lisboa,Palmela,Setúbal;253|183|26;563;Transportes Sul do Tejo
4720;Lisboa (Oriente) - Setúbal (Várzea);Lisboa,Setúbal;253|183|26;562;Transportes Sul do Tejo
4725;Lisboa (Sete Rios) - Setúbal (Várzea);Almada,Lisboa,Setúbal;253|183|26;561;Transportes Sul do Tejo
4730;Lisboa (Sete Rios) - Setúbal (ITS);Almada,Barreiro,Lisboa,Seixal,Sesimbra,Setúbal;237|25|68;754;Transportes Sul do Tejo
4901;Landeira - Setúbal (ITS);Palmela,Setúbal,Vendas Novas (Cim Alentejo Central);237|25|68;709;Transportes Sul do Tejo
4902;Landeira - Pegões;Montijo,Palmela,Vendas Novas (Cim Alentejo Central);237|25|68;8902;Rodoviária do Alentejo
4905;Faias - Vendas Novas;Montijo,Palmela,Vendas Novas (Cim Alentejo Central);187|62|150;8080;Rodoviária do Alentejo
4906;Setúbal (ITS) - Vendas Novas, via Landeira;Montijo,Palmela,Setúbal,Vendas Novas (Cim Alentejo Central);187|62|150;8902;Rodoviária do Alentejo
