line_id,line_name,municipalities,fare_color,old_line_id,old_operator,old_operator_code
4001,Alcochete | Circular,Alcochete,80|115|255,Novas Linhas,Carris Metropolitana,CM
4002,São Francisco | Circular,Alcochete,250|50|80,Novas Linhas,Carris Metropolitana,CM
4621,Moita - Seixal (Terminal Fluvial),Barreiro|Moita|Seixal,250|50|80,Novas Linhas,Carris Metropolitana,CM
4612,Bairro dos Marinheiros - Palmela (Terminal),Barreiro|Palmela,250|50|80,Novas Linhas,Carris Metropolitana,CM
4632,Coina (Estação) - Quinta do Anjo,Barreiro|Palmela|Seixal|Sesimbra|Setúbal,250|50|80,Novas Linhas,Carris Metropolitana,CM
4208,Montijo (Terminal Rodoviário) - Sarilhos Grandes (Estr. 4 Marcos),Montijo,250|50|80,Novas Linhas,Carris Metropolitana,CM
4211,Craveiras - Pegões | Circular,Montijo,80|115|255,Novas Linhas,Carris Metropolitana,CM
4503,Atalaia (Bairro Charqueirão) - Montijo (Bairro Areias),Montijo,250|50|80,Novas Linhas,Carris Metropolitana,CM
4303,Palmela | Circular,Palmela,80|115|255,Novas Linhas,Carris Metropolitana,CM
4304,Palmela (Terminal) - Penalva,Palmela,250|50|80,Novas Linhas,Carris Metropolitana,CM
4308,Palmela (Terminal) - Pinhal Novo (Estação),Palmela,250|50|80,Novas Linhas,Carris Metropolitana,CM
4313,Cabanas - Penalva,Palmela,250|50|80,Novas Linhas,Carris Metropolitana,CM
4401,Cachofarra - Setúbal (Hospital),Setúbal,250|50|80,Novas Linhas,Carris Metropolitana,CM
4404,Interfaces Setúbal | Circular,Setúbal,80|115|255,Novas Linhas,Carris Metropolitana,CM
4405,Livramento-Montebelo | Circular,Setúbal,250|50|80,Novas Linhas,Carris Metropolitana,CM
4409,Setúbal (Bº Quinta Santo António) - Setúbal (Bº Viso) via Montebelo,Setúbal,250|50|80,Novas Linhas,Carris Metropolitana,CM
4410,Manteigadas (Esc. Profissional) - Setúbal (Alegro),Setúbal,250|50|80,Novas Linhas,Carris Metropolitana,CM
4427,Setúbal (Bela Vista) - Setúbal (Mercado),Setúbal,80|115|255,Novas Linhas,Carris Metropolitana,CM
4429,Setúbal (Centro Saúde) - Setúbal (Mercado),Setúbal,250|50|80,Novas Linhas,Carris Metropolitana,CM
4430,Setúbal (Hospital) - Setúbal (Montalvão),Setúbal,80|115|255,Novas Linhas,Carris Metropolitana,CM
4432,Setúbal (ITS) - Vale de Choupo,Setúbal,250|50|80,Novas Linhas,Carris Metropolitana,CM
4435,Biscainho - Faralhão,Setúbal,250|50|80,Novas Linhas,Carris Metropolitana,CM
4443,Setúbal (Politécnico) - Praias do Sado,Setúbal,250|50|80,Novas Linhas,Carris Metropolitana,CM
4460,Azeitão | Circular,Setúbal,250|50|80,Novas Linhas,Carris Metropolitana,CM
4905,Faias - Vendas Novas,Montijo|Palmela|Vendas Novas,195|55|165,8080,Rodoviária do Alentejo,RA
4906,Setúbal (ITS) - Vendas Novas via Landeira,Montijo|Palmela|Setúbal|Vendas Novas,195|55|165,8902,Rodoviária do Alentejo,RA
4902,Landeira - Pegões,Montijo|Palmela|Vendas Novas,250|50|80,8902,Rodoviária do Alentejo,RA
4604,Barreiro (Terminal) - Moita (Esc. Secundária),Barreiro|Moita,250|50|80,307,Transportes Sul do Tejo,TST
4611,Penalva - Moita (Esc. Secundária),Barreiro|Moita|Montijo,250|50|80,311,Transportes Sul do Tejo,TST
4102,Cabeço Verde - Sarilhos Pequenos,Moita,250|50|80,312,Transportes Sul do Tejo,TST
4104,Moita | Circular,Moita,80|115|255,313,Transportes Sul do Tejo,TST
4532,Moita - Quatro Marcos,Moita|Palmela,250|50|80,313,Transportes Sul do Tejo,TST
4531,Moita - Palmela (Terminal),Moita|Palmela,250|50|80,326,Transportes Sul do Tejo,TST
4101,Alhos Vedros (Escola José Afonso) - Arroteias,Moita,250|50|80,336,Transportes Sul do Tejo,TST
4501,Alcochete - Montijo (Terminal Fluvial),Alcochete|Montijo,250|50|80,412,Transportes Sul do Tejo,TST
4642,Sesimbra (Terminal) - Setúbal (Hospital),Sesimbra|Setúbal,250|50|80,230,Transportes Sul do Tejo,TST
4560,São Gonçalo - Vila Nogueira de Azeitão,Palmela|Setúbal,250|50|80,257,Transportes Sul do Tejo,TST
4561,São Gonçalo - Vila Nogueira de Azeitão via Quinta do Picão,Palmela|Setúbal,250|50|80,257,Transportes Sul do Tejo,TST
4640,Casais da Serra - Vila Nogueira de Azeitão,Setúbal,250|50|80,259,Transportes Sul do Tejo,TST
4620,Moita - Paio Pires,Barreiro|Moita|Seixal,250|50|80,302,Transportes Sul do Tejo,TST
4610,Bairro dos Marinheiros - Barreiro (Terminal),Barreiro|Palmela,250|50|80,305,Transportes Sul do Tejo,TST
4602,Alhos Vedros (Estação) - Barreiro (Terminal),Barreiro|Moita,250|50|80,317,Transportes Sul do Tejo,TST
4103,Moita (Estação) - Sarilhos Pequenos,Moita,80|115|255,318,Transportes Sul do Tejo,TST
4605,Lavradio - Pinhal do Forno,Barreiro|Moita,250|50|80,330,Transportes Sul do Tejo,TST
4701,Lisboa (Oriente) - Vale da Amoreira,LisboaMoitaMontijo,255|200|0,333,Transportes Sul do Tejo,TST
4204,Bairro do Charqueirão - Montijo (Terminal Fluvial),Montijo,80|115|255,401,Transportes Sul do Tejo,TST
4205,Bairro do Charqueirão - Montijo (Terminal Fluvial) via Vale Porim,Montijo,250|50|80,401,Transportes Sul do Tejo,TST
4207,Montijo (Área Comercial) - Montijo (Terminal Fluvial),Montijo,80|115|255,401,Transportes Sul do Tejo,TST
4203,Afonsoeiro - Montijo (Terminal Fluvial) via Bairro da Liberdade,Montijo,80|115|255,403,Transportes Sul do Tejo,TST
4206,Bairro Esteval - Montijo (Terminal Fluvial),Montijo,80|115|255,403,Transportes Sul do Tejo,TST
4202,Afonsoeiro - Bairro do Saldanha via Bairro da Calçada,Montijo,250|50|80,404,Transportes Sul do Tejo,TST
4511,Alcochete (Freeport) - Montijo (Terminal Rodoviário) via Samouco,Alcochete|Montijo,250|50|80,410,Transportes Sul do Tejo,TST
4600,Alcochete (Freeport) - Barreiro (Terminal),AlcocheteBarreiroMoitaMontijo,250|50|80,410,Transportes Sul do Tejo,TST
4603,Barreiro (Terminal) - Chão Duro,Barreiro|Moita,250|50|80,410,Transportes Sul do Tejo,TST
4601,Barreiro (Terminal) - Montijo (Terminal Rodoviário),Barreiro|Moita|Montijo,250|50|80,410,Transportes Sul do Tejo,TST
4510,Alcochete (Freeport) - Montijo (Terminal Rodoviário),Alcochete|Montijo,250|50|80,413,Transportes Sul do Tejo,TST
4513,Alcochete (Freeport) - Pinhal Novo,Alcochete|Montijo|Palmela,250|50|80,413,Transportes Sul do Tejo,TST
4512,Alcochete (Freeport) - Setúbal (ITS) via Alto Estanqueiro,Alcochete|Montijo|Palmela|Setúbal,250|50|80,413,Transportes Sul do Tejo,TST
4523,Montijo (Terminal Rodoviário) - Pinhal Novo,Montijo|Palmela,250|50|80,413,Transportes Sul do Tejo,TST
4517,Montijo (Terminal Rodoviário) - Setúbal (ITS),Montijo|Palmela|Setúbal,250|50|80,413,Transportes Sul do Tejo,TST
4514,Canha - Montijo (Terminal Rodoviário) via Pegões,Alcochete|Montijo|Palmela,250|50|80,414,Transportes Sul do Tejo,TST
4514,Canha - Montijo (Terminal Rodoviário) via Pegões,Alcochete|Montijo|Palmela,250|50|80,416,Transportes Sul do Tejo,TST
4504,Montijo (Terminal Fluvial) - Passil,Alcochete|Montijo,250|50|80,415,Transportes Sul do Tejo,TST
4515,Montijo (Terminal Rodoviário) - Pegões,Alcochete|Montijo|Palmela,250|50|80,416,Transportes Sul do Tejo,TST
4502,Alcochete - Passil,Alcochete|Montijo,250|50|80,419,Transportes Sul do Tejo,TST
4516,Montijo (Terminal Rodoviário) - Rio Frio,Alcochete|Montijo|Palmela,250|50|80,426,Transportes Sul do Tejo,TST
4703,Lisboa (Oriente) - Montijo (Terminal Rodoviário) via Alcochete e Samouco,Alcochete|Lisboa|Montijo,255|200|0,431,Transportes Sul do Tejo,TST
4702,Lisboa (Oriente) - Valbom,AlcocheteLisboa,255|200|0,432,Transportes Sul do Tejo,TST
4704,Atalaia - Lisboa (Oriente),Alcochete|Lisboa|Montijo,255|200|0,432,Transportes Sul do Tejo,TST
4705,Lisboa (Oriente) - Samouco,Alcochete|Lisboa|Montijo,255|200|0,435,Transportes Sul do Tejo,TST
4707,Lisboa (Oriente) - Montijo (Terminal Rodoviário),Lisboa|Montijo,255|200|0,435,Transportes Sul do Tejo,TST
4643,Montijo (Av. Inf. D. Henrique) - Sesimbra (Terminal),Montijo|Sesimbra|Setúbal,0|205|170,440,Transportes Sul do Tejo,TST
4212,Foros Boavista - Pegões,Montijo,250|50|80,441,Transportes Sul do Tejo,TST
4520,Faias - Pegões,Montijo|Palmela,250|50|80,444,Transportes Sul do Tejo,TST
4521,Faias - Pinhal Novo,Montijo|Palmela,250|50|80,446,Transportes Sul do Tejo,TST
4522,Faias - Poceirão,Montijo|Palmela,250|50|80,446,Transportes Sul do Tejo,TST
4524,Palmela (Terminal) - Pegões,Montijo|Palmela,250|50|80,447,Transportes Sul do Tejo,TST
4305,Brejos do Assa - Palmela (Terminal),Palmela,250|50|80,447,Transportes Sul do Tejo,TST
4322,Pinhal Novo - Rio Frio,Palmela,250|50|80,448,Transportes Sul do Tejo,TST
4320,Pinhal Novo | Circular,Palmela,80|115|255,449,Transportes Sul do Tejo,TST
4321,Pinhal Novo - Qta do Anjo,Palmela,250|50|80,449,Transportes Sul do Tejo,TST
4530,Bairro Vila Morena - Pinhal Novo,Moita|Montijo|Palmela,250|50|80,451,Transportes Sul do Tejo,TST
4706,São Francisco - Lisboa (Oriente),Alcochete|Lisboa|Montijo,255|200|0,453,Transportes Sul do Tejo,TST
4201,Afonsoeiro - Bairro da Liberdade,Montijo,250|50|80,453,Transportes Sul do Tejo,TST
4302,Palmela (Estação) - Palmela (Terminal),Palmela,250|50|80,454,Transportes Sul do Tejo,TST
4307,Loja Nova - Palmela (Terminal),Palmela,250|50|80,454,Transportes Sul do Tejo,TST
4311,Asseiceira - Poceirão,Palmela,250|50|80,455,Transportes Sul do Tejo,TST
4725,Lisboa (Sete Rios) - Setúbal (Várzea),Almada|Lisboa|Setúbal,255|200|0,561,Transportes Sul do Tejo,TST
4720,Lisboa (Oriente) - Setúbal (Várzea),Lisboa|Setúbal,255|200|0,562,Transportes Sul do Tejo,TST
4715,Lisboa (Oriente) - Setúbal (Várzea) via Pinhal Novo,Lisboa|Palmela|Setúbal,255|200|0,563,Transportes Sul do Tejo,TST
4710,Lisboa (Oriente) - Palmela (Terminal),Lisboa|Palmela,255|200|0,565,Transportes Sul do Tejo,TST
4711,Lisboa (Oriente) - Pinhal Novo,Lisboa|Palmela,255|200|0,565,Transportes Sul do Tejo,TST
4406,Manteigadas - Setúbal (Mercado),Setúbal,80|115|255,601,Transportes Sul do Tejo,TST
4408,Manteigadas - Setúbal (Mercado) via Bela Vista,Setúbal,250|50|80,601,Transportes Sul do Tejo,TST
4412,Morgada - Setúbal (Mercado),Setúbal,250|50|80,601,Transportes Sul do Tejo,TST
4413,Morgada - Setúbal (Mercado) via Bela Vista,Setúbal,250|50|80,601,Transportes Sul do Tejo,TST
4436,Setúbal (Mercado) - Setúbal (Terroa),Setúbal,80|115|255,601,Transportes Sul do Tejo,TST
4416,Poço Mouro - Setúbal (ITS),Setúbal,250|50|80,602,Transportes Sul do Tejo,TST
4417,Poço Mouro - Setúbal (ITS) via Manteigadas,Setúbal,250|50|80,602,Transportes Sul do Tejo,TST
4418,Setúbal (Alegro) - Setúbal (Av. 5 Outubro),Setúbal,250|50|80,602,Transportes Sul do Tejo,TST
4420,Setúbal (Alegro) - Setúbal (ITS),Setúbal,80|115|255,602,Transportes Sul do Tejo,TST
4551,Palmela (USF) - Setúbal (Av. Luísa Todi),Palmela|Setúbal,250|50|80,604,Transportes Sul do Tejo,TST
4403,Fonte da Talha - Setúbal (Av. Luísa Todi),Setúbal,80|115|255,604,Transportes Sul do Tejo,TST
4423,Amoreiras – Setúbal (Av. Luísa Todi),Setúbal,80|115|255,604,Transportes Sul do Tejo,TST
4431,Setúbal (ITS) - Setúbal (Quinta Varzinha),Setúbal,80|115|255,605,Transportes Sul do Tejo,TST
4434,Setúbal (Mercado 2 de Abril) - Setúbal (R. Timor),Setúbal,80|115|255,607,Transportes Sul do Tejo,TST
4424,Setúbal (Bairro Viso) - Manteigadas (Piscinas),Setúbal,250|50|80,608,Transportes Sul do Tejo,TST
4425,Setúbal (Escola Viso) - Mitrena,Setúbal,250|50|80,608,Transportes Sul do Tejo,TST
4426,Setúbal (Bairro do Viso) - Setúbal (Bairro Quinta Santo António),Setúbal,80|115|255,608,Transportes Sul do Tejo,TST
4428,Setúbal (Casal Figueiras) - Vale Ana Gomes,Setúbal,250|50|80,609,Transportes Sul do Tejo,TST
4421,Setúbal (Bairro Camolas) - Setúbal (Casal Figueiras),Setúbal,250|50|80,609,Transportes Sul do Tejo,TST
4421,Setúbal (Bairro Camolas) - Setúbal (Casal Figueiras),Setúbal,250|50|80,614,Transportes Sul do Tejo,TST
4422,Setúbal (Bairro Camolas) - Setúbal (Casal Figueiras) via Bairro do Viso,Setúbal,250|50|80,609,Transportes Sul do Tejo,TST
4422,Setúbal (Bairro Camolas) - Setúbal (Casal Figueiras) via Bairro do Viso,Setúbal,250|50|80,614,Transportes Sul do Tejo,TST
4541,Algeruz - Setúbal (Av. Luísa Todi),Palmela|Setúbal,250|50|80,610,Transportes Sul do Tejo,TST
4438,Setúbal (Monte Belo Norte) - Setúbal (Saboaria),Setúbal,250|50|80,610,Transportes Sul do Tejo,TST
4440,Setúbal (Monte Belo Norte) - Setúbal (Saboaria) via Alegro,Setúbal,250|50|80,610,Transportes Sul do Tejo,TST
4419,Brejos Canes - Setúbal (Saboaria),Setúbal,250|50|80,612,Transportes Sul do Tejo,TST
4441,Setúbal (Saboaria) - Setúbal (Vale Cobro),Setúbal,250|50|80,612,Transportes Sul do Tejo,TST
4433,Alto Guerra - Setúbal (Casal Figueiras),Setúbal,250|50|80,614,Transportes Sul do Tejo,TST
4407,Manteigadas - Setúbal (Mercado) via Bairro da Carmona,Setúbal,250|50|80,616,Transportes Sul do Tejo,TST
4301,Palmela (Centro) - Palmela (Terminal),Palmela,80|115|255,680,Transportes Sul do Tejo,TST
4545,Biscainho - Setúbal (Bela Vista),Palmela|Setúbal,250|50|80,708,Transportes Sul do Tejo,TST
4901,Landeira - Setúbal (ITS),Palmela|Setúbal|Vendas Novas,250|50|80,709,Transportes Sul do Tejo,TST
4310,Águas de Moura - Poceirão,Palmela,250|50|80,710,Transportes Sul do Tejo,TST
4312,Poceirão - Vale Abrunheira (X) via Fernando Pó,Palmela,250|50|80,711,Transportes Sul do Tejo,TST
4472,Praia do Creiro - Setúbal (ITS),Setúbal,250|50|80,723,Transportes Sul do Tejo,TST
4476,Praias Arrábida | Circular,Setúbal,250|50|80,723,Transportes Sul do Tejo,TST
4474,Figueirinha - Setúbal (Alegro),Setúbal,250|50|80,725,Transportes Sul do Tejo,TST
4471,Praia Albarquel | Circular,Setúbal,250|50|80,726,Transportes Sul do Tejo,TST
4470,Brejos Azeitão - Praia do Creiro,Setúbal,250|50|80,727,Transportes Sul do Tejo,TST
4414,Outão (Hospital) - Setúbal (ITS),Setúbal,250|50|80,751,Transportes Sul do Tejo,TST
4415,Outão (Hospital) - Setúbal (ITS) via vale da Rasca,Setúbal,250|50|80,751,Transportes Sul do Tejo,TST
4730,Lisboa (Sete Rios) - Setúbal (ITS),Almada|Barreiro|Lisboa|Seixal|Sesimbra|Setúbal,250|50|80,754,Transportes Sul do Tejo,TST
4452,Mitrena (Portucel) - Setúbal (ITS),Setúbal,250|50|80,756,Transportes Sul do Tejo,TST
4453,Mitrena (Portucel) - Setúbal (ITS) via Estrada Graça,Setúbal,250|50|80,757,Transportes Sul do Tejo,TST
4548,Lagameças - Setúbal (ITS),Palmela|Setúbal,250|50|80,758,Transportes Sul do Tejo,TST
4540,Águas de Moura - Setúbal (ITS),Palmela|Setúbal,250|50|80,764,Transportes Sul do Tejo,TST
4540,Águas de Moura - Setúbal (ITS),Palmela|Setúbal,250|50|80,765,Transportes Sul do Tejo,TST
4544,Bairro Margaça - Setúbal (ITS),Palmela|Setúbal,250|50|80,764,Transportes Sul do Tejo,TST
4544,Bairro Margaça - Setúbal (ITS),Palmela|Setúbal,250|50|80,765,Transportes Sul do Tejo,TST
4442,Praias do Sado (Estação) - Setúbal (Bela Vista),Setúbal,250|50|80,766,Transportes Sul do Tejo,TST
4547,Cabanas - Setúbal (ITS),Palmela|Setúbal,250|50|80,767,Transportes Sul do Tejo,TST
4549,Palmela (Terminal) - Setúbal (ITS),Palmela|Setúbal,250|50|80,767,Transportes Sul do Tejo,TST
4562,Setúbal (ITS) - Vila Nogueira de Azeitão via Palmela (Estação),Palmela|Setúbal,250|50|80,767,Transportes Sul do Tejo,TST
4306,Cabanas - Palmela (Terminal),Palmela,250|50|80,768,Transportes Sul do Tejo,TST
4550,Palmela (Terminal) - Vila Nogueira de Azeitão,Palmela|Setúbal,250|50|80,768,Transportes Sul do Tejo,TST
4562,Setúbal (ITS) - Vila Nogueira de Azeitão via Palmela (Estação),Palmela|Setúbal,250|50|80,768,Transportes Sul do Tejo,TST
4641,Quinta do Conde - Setúbal (ITS),Sesimbra|Setúbal,250|50|80,770,Transportes Sul do Tejo,TST
4546,Biscainho - Setúbal (ITS),Palmela|Setúbal,250|50|80,774,Transportes Sul do Tejo,TST
4451,Mitrena (Lisnave) - Setúbal (ITS),Setúbal,250|50|80,776,Transportes Sul do Tejo,TST
4542,Algeruz - Setúbal (ITS),Palmela|Setúbal,250|50|80,779,Transportes Sul do Tejo,TST
4543,Algeruz - Setúbal (ITS) via Poçoilos,Palmela|Setúbal,250|50|80,779,Transportes Sul do Tejo,TST
4402,Estefanilha - Setúbal (ITS),Setúbal,250|50|80,780,Transportes Sul do Tejo,TST
4437,Faralhão - Setúbal (ITS),Setúbal,250|50|80,780,Transportes Sul do Tejo,TST
4411,Morgada - Setúbal (ITS),Setúbal,250|50|80,781,Transportes Sul do Tejo,TST
4439,Praias do Sado - Setúbal (ITS),Setúbal,250|50|80,797,Transportes Sul do Tejo,TST