Novo Número Final;Designação Linha;Territórios servidos;Tarifário;Código cor tarifário (RGB);Número Linha(s) atual(is) equivalente(s);Operador atual;Lote;Data Inicio operação;status
4001;Alcochete | Circular;Alcochete;Próxima;61|133|198;Nova;Nova;Lote 4 - Sudeste;01/06/2022;
4002;São Francisco | Circular;Alcochete;Longa;237|25|68;Nova;Nova;Lote 4 - Sudeste;01/06/2022;
4101;Alhos Vedros (Escola José Afonso) - Arroteias;Moita;Longa;237|25|68;336 (Adaptado);Transportes Sul do Tejo;Lote 4 - Sudeste;01/06/2022;
4102;Cabeço Verde - Sarilhos Pequenos;Moita;Longa;237|25|68;312 (Adaptado);Transportes Sul do Tejo;Lote 4 - Sudeste;01/06/2022;
4103;Moita (Estação) - Sarilhos Pequenos;Moita;Próxima;61|133|198;318;Transportes Sul do Tejo;Lote 4 - Sudeste;01/06/2022;
4104;Moita | Circular;Moita;Próxima;61|133|198;313 (Adaptado);Transportes Sul do Tejo;Lote 4 - Sudeste;01/06/2022;
4201;Afonsoeiro - Bairro da Liberdade;Montijo;Longa;237|25|68;453;Transportes Sul do Tejo;Lote 4 - Sudeste;01/06/2022;
4202;Afonsoeiro - Bairro do Saldanha, via Bairro da Calçada;Montijo;Longa;237|25|68;404;Transportes Sul do Tejo;Lote 4 - Sudeste;01/06/2022;
4203;Afonsoeiro - Montijo (Terminal Fluvial), via Bairro da Liberdade;Montijo;Próxima;61|133|198;403;Transportes Sul do Tejo;Lote 4 - Sudeste;01/06/2022;
4204;Bairro do Charqueirão - Montijo (Terminal Fluvial);Montijo;Próxima;61|133|198;401;Transportes Sul do Tejo;Lote 4 - Sudeste;01/06/2022;
4205;Bairro do Charqueirão - Montijo (Terminal Fluvial), via Vale Porim;Montijo;Longa;237|25|68;401;Transportes Sul do Tejo;Lote 4 - Sudeste;01/06/2022;
4206;Bairro Esteval - Montijo (Terminal Fluvial);Montijo;Próxima;61|133|198;403;Transportes Sul do Tejo;Lote 4 - Sudeste;01/06/2022;
4207;Montijo (Área Comercial) - Montijo (Terminal Fluvial);Montijo;Próxima;61|133|198;401;Transportes Sul do Tejo;Lote 4 - Sudeste;01/06/2022;
4208;Montijo (Terminal Rodoviário) - Sarilhos Grandes (Estr. 4 Marcos);Montijo;Longa;237|25|68;Nova;Nova;Lote 4 - Sudeste;01/06/2022;
4211;Craveiras - Pegões | Circular;Montijo;Próxima;61|133|198;Nova;Nova;Lote 4 - Sudeste;01/06/2022;
4212;Foros Boavista - Pegões;Montijo;Longa;237|25|68;441;Transportes Sul do Tejo;Lote 4 - Sudeste;01/06/2022;
4301;Palmela (Centro) - Palmela (Terminal);Palmela;Próxima;61|133|198;680;Transportes Sul do Tejo;Lote 4 - Sudeste;01/06/2022;
4302;Palmela (Estação) - Palmela (Terminal);Palmela;Longa;237|25|68;454;Transportes Sul do Tejo;Lote 4 - Sudeste;01/06/2022;
4303;Palmela | Circular;Palmela;Próxima;61|133|198;Nova;Nova;Lote 4 - Sudeste;01/06/2022;
4304;Palmela (Terminal) - Penalva;Palmela;Longa;237|25|68;Nova;Nova;Lote 4 - Sudeste;01/06/2022;
4305;Brejos do Assa - Palmela (Terminal);Palmela;Longa;237|25|68;447;Transportes Sul do Tejo;Lote 4 - Sudeste;01/06/2022;
4306;Cabanas - Palmela (Terminal);Palmela;Longa;237|25|68;768;Transportes Sul do Tejo;Lote 4 - Sudeste;01/06/2022;
4307;Loja Nova - Palmela (Terminal);Palmela;Longa;237|25|68;454;Transportes Sul do Tejo;Lote 4 - Sudeste;01/06/2022;
4308;Palmela (Terminal) - Pinhal Novo (Estação);Palmela;Longa;237|25|68;Nova;Nova;Lote 4 - Sudeste;01/06/2022;
4310;Águas de Moura - Poceirão;Palmela;Longa;237|25|68;710;Transportes Sul do Tejo;Lote 4 - Sudeste;01/06/2022;
4311;Asseiceira - Poceirão;Palmela;Longa;237|25|68;455;Transportes Sul do Tejo;Lote 4 - Sudeste;01/06/2022;
4312;Poceirão - Vale Abrunheira (X), via Fernando Pó;Palmela;Longa;237|25|68;711;Transportes Sul do Tejo;Lote 4 - Sudeste;01/06/2022;
4313;Cabanas - Penalva;Palmela;Longa;237|25|68;Nova;Nova;Lote 4 - Sudeste;01/06/2022;
4320;Pinhal Novo | Circular;Palmela;Próxima;61|133|198;449;Transportes Sul do Tejo;Lote 4 - Sudeste;01/06/2022;
4321;Pinhal Novo - Qta do Anjo;Palmela;Longa;237|25|68;449;Transportes Sul do Tejo;Lote 4 - Sudeste;01/06/2022;
4322;Pinhal Novo - Rio Frio;Palmela;Longa;237|25|68;448;Transportes Sul do Tejo;Lote 4 - Sudeste;01/06/2022;
4401;Cachofarra - Setúbal (Hospital);Setúbal;Longa;237|25|68;Nova;Nova;Lote 4 - Sudeste;01/06/2022;
4402;Estefanilha - Setúbal (ITS);Setúbal;Longa;237|25|68;780;Transportes Sul do Tejo;Lote 4 - Sudeste;01/06/2022;
4403;Fonte da Talha - Setúbal (Av. Luísa Todi);Setúbal;Próxima;61|133|198;604;Transportes Sul do Tejo;Lote 4 - Sudeste;01/06/2022;
4404;Interfaces Setúbal | Circular;Setúbal;Próxima;61|133|198;Nova;Nova;Lote 4 - Sudeste;01/06/2022;
4405;Livramento-Montebelo | Circular;Setúbal;Longa;237|25|68;Nova;Nova;Lote 4 - Sudeste;01/06/2022;
4406;Manteigadas - Setúbal (Mercado);Setúbal;Próxima;61|133|198;601;Transportes Sul do Tejo;Lote 4 - Sudeste;01/06/2022;
4407;Manteigadas - Setúbal (Mercado), via Bairro da Carmona;Setúbal;Longa;237|25|68;616;Transportes Sul do Tejo;Lote 4 - Sudeste;01/06/2022;
4408;Manteigadas - Setúbal (Mercado), via Bela Vista;Setúbal;Longa;237|25|68;601;Transportes Sul do Tejo;Lote 4 - Sudeste;01/06/2022;
4409;Bairro Viso - CheSetúbal;Setúbal;Longa;237|25|68;Nova;Nova;Lote 4 - Sudeste;01/06/2022;
4410;Manteigadas (Esc. Profissional) - Setúbal (Alegro);Setúbal;Longa;237|25|68;Nova;Nova;Lote 4 - Sudeste;01/06/2022;
4411;Morgada - Setúbal (ITS);Setúbal;Longa;237|25|68;781;Transportes Sul do Tejo;Lote 4 - Sudeste;01/06/2022;
4412;Morgada - Setúbal (Mercado);Setúbal;Longa;237|25|68;601;Transportes Sul do Tejo;Lote 4 - Sudeste;01/06/2022;
4413;Morgada - Setúbal (Mercado), via Bela Vista;Setúbal;Longa;237|25|68;601;Transportes Sul do Tejo;Lote 4 - Sudeste;01/06/2022;
4414;Outão (Hospital) - Setúbal (ITS);Setúbal;Longa;237|25|68;751;Transportes Sul do Tejo;Lote 4 - Sudeste;01/06/2022;
4415;Outão (Hospital) - Setúbal (ITS), via vale da Rasca;Setúbal;Longa;237|25|68;751;Transportes Sul do Tejo;Lote 4 - Sudeste;01/06/2022;
4416;Poço Mouro - Setúbal (ITS);Setúbal;Longa;237|25|68;602;Transportes Sul do Tejo;Lote 4 - Sudeste;01/06/2022;
4417;Poço Mouro - Setúbal (ITS), via Manteigadas;Setúbal;Longa;237|25|68;602;Transportes Sul do Tejo;Lote 4 - Sudeste;01/06/2022;
4418;Setúbal (Alegro) - Setúbal (Av. 5 Outubro);Setúbal;Longa;237|25|68;602;Transportes Sul do Tejo;Lote 4 - Sudeste;01/06/2022;
4419;Brejos Canes - Setúbal (Saboaria);Setúbal;Longa;237|25|68;612;Transportes Sul do Tejo;Lote 4 - Sudeste;01/06/2022;
4420;Setúbal (Alegro) - Setúbal (ITS);Setúbal;Próxima;61|133|198;602;Transportes Sul do Tejo;Lote 4 - Sudeste;01/06/2022;
4421;Setúbal (Bairro Camolas) - Setúbal (Casal Figueiras);Setúbal;Longa;237|25|68;609/614;Transportes Sul do Tejo;Lote 4 - Sudeste;01/06/2022;
4422;Setúbal (Bairro Camolas) - Setúbal (Casal Figueiras), via Bairro do Viso;Setúbal;Longa;237|25|68;609/614;Transportes Sul do Tejo;Lote 4 - Sudeste;01/06/2022;
4423;Amoreiras – Setúbal (Av. Luísa Todi);Setúbal;Próxima;61|133|198;604;Transportes Sul do Tejo;Lote 4 - Sudeste;01/06/2022;
4424;Bairro Viso – Manteigadas (Piscinas);Setúbal;Longa;237|25|68;608;Transportes Sul do Tejo;Lote 4 - Sudeste;01/06/2022;
4425;Setúbal (Escola Viso) - Mitrena;Setúbal;Longa;237|25|68;608;Transportes Sul do Tejo;Lote 4 - Sudeste;01/06/2022;
4426;Setúbal (Bairro Viso) - Setúbal (CHEsetúbal);Setúbal;Próxima;61|133|198;608;Transportes Sul do Tejo;Lote 4 - Sudeste;01/06/2022;
4427;Setúbal (Bela Vista) - Setúbal (Mercado);Setúbal;Próxima;61|133|198;Nova;Nova;Lote 4 - Sudeste;01/06/2022;
4428;Setúbal (Casal Figueiras) - Vale Ana Gomes;Setúbal;Longa;237|25|68;609;Transportes Sul do Tejo;Lote 4 - Sudeste;01/06/2022;
4429;Setúbal (Centro Saúde) - Setúbal (Mercado);Setúbal;Longa;237|25|68;Nova;Nova;Lote 4 - Sudeste;01/06/2022;
4430;Setúbal (Hospital) - Setúbal (Montalvão);Setúbal;Próxima;61|133|198;Nova;Nova;Lote 4 - Sudeste;01/06/2022;
4431;Setúbal (ITS) - Setúbal (Quinta Varzinha);Setúbal;Próxima;61|133|198;605;Transportes Sul do Tejo;Lote 4 - Sudeste;01/06/2022;
4432;Setúbal (ITS) - Vale de Choupo;Setúbal;Longa;237|25|68;Nova;Nova;Lote 4 - Sudeste;01/06/2022;
4433;Alto Guerra - Setúbal (Casal Figueiras);Setúbal;Longa;237|25|68;614;Transportes Sul do Tejo;Lote 4 - Sudeste;01/06/2022;
4434;Setúbal (Mercado 2 de Abril) - Setúbal (R. Timor);Setúbal;Próxima;61|133|198;607;Transportes Sul do Tejo;Lote 4 - Sudeste;01/06/2022;
4435;Biscainho - Faralhão;Setúbal;Longa;237|25|68;Nova;Nova;Lote 4 - Sudeste;01/06/2022;
4436;Setúbal (Mercado) - Setúbal (Terroa);Setúbal;Próxima;61|133|198;601;Transportes Sul do Tejo;Lote 4 - Sudeste;01/06/2022;
4437;Faralhão - Setúbal (ITS);Setúbal;Longa;237|25|68;780;Transportes Sul do Tejo;Lote 4 - Sudeste;01/06/2022;
4438;Setúbal (Monte Belo Norte) - Setúbal (Saboaria);Setúbal;Longa;237|25|68;610;Transportes Sul do Tejo;Lote 4 - Sudeste;01/06/2022;
4439;Praias do Sado - Setúbal (ITS);Setúbal;Longa;237|25|68;797;Transportes Sul do Tejo;Lote 4 - Sudeste;01/06/2022;
4440;Setúbal (Monte Belo Norte) - Setúbal (Saboaria), via Alegro;Setúbal;Longa;237|25|68;610;Transportes Sul do Tejo;Lote 4 - Sudeste;01/06/2022;
4441;Setúbal (Saboaria) - Setúbal (Vale Cobro);Setúbal;Longa;237|25|68;612;Transportes Sul do Tejo;Lote 4 - Sudeste;01/06/2022;
4442;Praias do Sado (Estação) - Setúbal (Bela Vista);Setúbal;Longa;237|25|68;766;Transportes Sul do Tejo;Lote 4 - Sudeste;01/06/2022;
4443;Setúbal (Politécnico) - Praias do Sado;Setúbal;Longa;237|25|68;Nova;Nova;Lote 4 - Sudeste;01/06/2022;
4451;Mitrena (Lisnave) - Setúbal (ITS);Setúbal;Longa;237|25|68;776;Transportes Sul do Tejo;Lote 4 - Sudeste;01/06/2022;
4452;Mitrena (Portucel) - Setúbal (ITS);Setúbal;Longa;237|25|68;756;Transportes Sul do Tejo;Lote 4 - Sudeste;01/06/2022;
4453;Mitrena (Portucel) - Setúbal (ITS), via Estrada Graça;Setúbal;Longa;237|25|68;757;Transportes Sul do Tejo;Lote 4 - Sudeste;01/06/2022;
4460;Azeitão | Circular;Setúbal;Longa;237|25|68;Nova;Nova;Lote 4 - Sudeste;01/06/2022;
4470;Brejos Azeitão - Praia do Creiro;Setúbal;Longa;237|25|68;727;Transportes Sul do Tejo;Lote 4 - Sudeste;01/06/2022;
4471;Praia Albarquel | Circular;Setúbal;Longa;237|25|68;726;Transportes Sul do Tejo;Lote 4 - Sudeste;01/06/2022;
4472;Praia do Creiro - Setúbal (ITS);Setúbal;Longa;237|25|68;723;Transportes Sul do Tejo;Lote 4 - Sudeste;01/06/2022;
4474;Figueirinha - Setúbal (Alegro);Setúbal;Longa;237|25|68;725;Transportes Sul do Tejo;Lote 4 - Sudeste;01/06/2022;
4476;Praias Arrábida | Circular;Setúbal;Longa;237|25|68;723;Transportes Sul do Tejo;Lote 4 - Sudeste;01/06/2022;
4501;Alcochete - Montijo (Terminal Fluvial);Alcochete,Montijo;Longa;237|25|68;412 (Adaptado);Transportes Sul do Tejo;Lote 4 - Sudeste;01/06/2022;
4502;Alcochete - Passil;Alcochete,Montijo;Longa;237|25|68;419;Transportes Sul do Tejo;Lote 4 - Sudeste;01/06/2022;
4503;Bº do Areias (Montijo) – Bº do Charqueirão (Atalaia);Montijo;Longa;237|25|68;Nova;Nova;Lote 4 - Sudeste;01/06/2022;
4504;Montijo (Terminal Fluvial) - Passil;Alcochete,Montijo;Longa;237|25|68;415;Transportes Sul do Tejo;Lote 4 - Sudeste;01/06/2022;
4510;Alcochete (Freeport) - Montijo (Terminal Rodoviário);Alcochete,Montijo;Longa;237|25|68;413;Transportes Sul do Tejo;Lote 4 - Sudeste;01/06/2022;
4511;Alcochete (Freeport) - Montijo (Terminal Rodoviário), via Samouco;Alcochete,Montijo;Longa;237|25|68;410;Transportes Sul do Tejo;Lote 4 - Sudeste;01/06/2022;
4512;Alcochete (Freeport) - Setúbal (ITS), via Alto Estanqueiro;Alcochete,Montijo,Palmela,Setúbal;Longa;237|25|68;413;Transportes Sul do Tejo;Lote 4 - Sudeste;01/06/2022;
4513;Alcochete (Freeport) - Pinhal Novo;Alcochete,Montijo,Palmela;Longa;237|25|68;413;Transportes Sul do Tejo;Lote 4 - Sudeste;01/06/2022;
4514;Canha - Montijo (Terminal Rodoviário), via Pegões;Alcochete,Montijo,Palmela;Longa;237|25|68;414/416;Transportes Sul do Tejo;Lote 4 - Sudeste;01/06/2022;
4515;Montijo (Terminal Rodoviário) - Pegões;Alcochete,Montijo,Palmela;Longa;237|25|68;416;Transportes Sul do Tejo;Lote 4 - Sudeste;01/06/2022;
4516;Montijo (Terminal Rodoviário) - Rio Frio;Alcochete,Montijo,Palmela;Longa;237|25|68;426;Transportes Sul do Tejo;Lote 4 - Sudeste;01/06/2022;
4517;Montijo (Terminal Rodoviário) - Setúbal (ITS);Montijo,Palmela,Setúbal;Longa;237|25|68;413;Transportes Sul do Tejo;Lote 4 - Sudeste;01/06/2022;
4520;Faias - Pegões;Montijo,Palmela;Longa;237|25|68;444;Transportes Sul do Tejo;Lote 4 - Sudeste;01/06/2022;
4521;Faias - Pinhal Novo;Montijo,Palmela;Longa;237|25|68;446;Transportes Sul do Tejo;Lote 4 - Sudeste;01/06/2022;
4522;Faias - Poceirão;Montijo,Palmela;Longa;237|25|68;446;Transportes Sul do Tejo;Lote 4 - Sudeste;01/06/2022;
4523;Montijo (Terminal Rodoviário) - Pinhal Novo;Montijo,Palmela;Longa;237|25|68;413;Transportes Sul do Tejo;Lote 4 - Sudeste;01/06/2022;
4524;Palmela (Terminal) - Pegões;Montijo,Palmela;Longa;237|25|68;447;Transportes Sul do Tejo;Lote 4 - Sudeste;01/06/2022;
4530;Bairro Vila Morena - Pinhal Novo;Moita,Montijo,Palmela;Longa;237|25|68;451;Transportes Sul do Tejo;Lote 4 - Sudeste;01/06/2022;
4531;Moita - Palmela (Terminal);Moita,Palmela;Longa;237|25|68;326 (Adaptado);Transportes Sul do Tejo;Lote 4 - Sudeste;01/06/2022;
4532;Moita - Quatro Marcos;Moita,Palmela;Longa;237|25|68;313 (Adaptado);Transportes Sul do Tejo;Lote 4 - Sudeste;01/06/2022;
4540;Águas de Moura - Setúbal (ITS);Palmela,Setúbal;Longa;237|25|68;764/765;Transportes Sul do Tejo;Lote 4 - Sudeste;01/06/2022;
4541;Algeruz - Setúbal (Av. Luísa Todi);Palmela,Setúbal;Longa;237|25|68;610;Transportes Sul do Tejo;Lote 4 - Sudeste;01/06/2022;
4542;Algeruz - Setúbal (ITS);Palmela,Setúbal;Longa;237|25|68;779;Transportes Sul do Tejo;Lote 4 - Sudeste;01/06/2022;
4543;Algeruz - Setúbal (ITS), via Poçoilos;Palmela,Setúbal;Longa;237|25|68;779;Transportes Sul do Tejo;Lote 4 - Sudeste;01/06/2022;
4544;Bairro Margaça - Setúbal (ITS);Palmela,Setúbal;Longa;237|25|68;764/765;Transportes Sul do Tejo;Lote 4 - Sudeste;01/06/2022;
4545;Biscainho - Setúbal (Bela Vista);Palmela,Setúbal;Longa;237|25|68;708;Transportes Sul do Tejo;Lote 4 - Sudeste;01/06/2022;
4546;Biscainho - Setúbal (ITS);Palmela,Setúbal;Longa;237|25|68;774;Transportes Sul do Tejo;Lote 4 - Sudeste;01/06/2022;
4547;Cabanas - Setúbal (ITS);Palmela,Setúbal;Longa;237|25|68;767;Transportes Sul do Tejo;Lote 4 - Sudeste;01/06/2022;
4548;Lagameças - Setúbal (ITS);Palmela,Setúbal;Longa;237|25|68;758;Transportes Sul do Tejo;Lote 4 - Sudeste;01/06/2022;
4549;Palmela (Terminal) - Setúbal (ITS);Palmela,Setúbal;Longa;237|25|68;767;Transportes Sul do Tejo;Lote 4 - Sudeste;01/06/2022;
4550;Palmela (Terminal) - Vila Nogueira de Azeitão;Palmela,Setúbal;Longa;237|25|68;768;Transportes Sul do Tejo;Lote 4 - Sudeste;01/06/2022;
4551;Palmela (USF) - Setúbal (Av. Luísa Todi);Palmela,Setúbal;Longa;237|25|68;604;Transportes Sul do Tejo;Lote 4 - Sudeste;01/06/2022;
4560;São Gonçalo - Vila Nogueira de Azeitão;Palmela,Setúbal;Longa;237|25|68;257;Transportes Sul do Tejo;Lote 4 - Sudeste;01/06/2022;
4561;São Gonçalo - Vila Nogueira de Azeitão, via Quinta do Picão;Palmela,Setúbal;Longa;237|25|68;257;Transportes Sul do Tejo;Lote 4 - Sudeste;01/06/2022;
4562;Setúbal (ITS) - Vila Nogueira de Azeitão, via Palmela (Estação);Palmela,Setúbal;Longa;237|25|68;767;Transportes Sul do Tejo;Lote 4 - Sudeste;01/06/2022;
4562;Setúbal (ITS) - Vila Nogueira de Azeitão, via Palmela (Estação);Palmela,Setúbal;Longa;237|25|68;768;Transportes Sul do Tejo;Lote 4 - Sudeste;01/06/2022;
4600;Alcochete (Freeport) - Barreiro (Terminal);Alcochete,Barreiro,Moita,Montijo;Longa;237|25|68;410;Transportes Sul do Tejo;Lote 4 - Sudeste;01/06/2022;
4601;Barreiro (Terminal) - Montijo (Terminal Rodoviário);Barreiro,Moita,Montijo;Longa;237|25|68;410;Transportes Sul do Tejo;Lote 4 - Sudeste;01/06/2022;
4602;Alhos Vedros (Estação) - Barreiro (Terminal);Barreiro,Moita;Longa;237|25|68;317;Transportes Sul do Tejo;Lote 4 - Sudeste;01/06/2022;
4603;Barreiro (Terminal) - Chão Duro;Barreiro,Moita;Longa;237|25|68;410;Transportes Sul do Tejo;Lote 4 - Sudeste;01/06/2022;
4604;Barreiro (Terminal) - Moita (Esc. Secundária);Barreiro,Moita;Longa;237|25|68;307 (Adaptado);Transportes Sul do Tejo;Lote 4 - Sudeste;01/06/2022;
4605;Lavradio - Pinhal do Forno;Barreiro,Moita;Longa;237|25|68;330;Transportes Sul do Tejo;Lote 4 - Sudeste;01/06/2022;
4610;Bairro dos Marinheiros - Barreiro (Terminal);Barreiro,Palmela;Longa;237|25|68;305;Transportes Sul do Tejo;Lote 4 - Sudeste;01/06/2022;
4611;Penalva - Moita (Esc. Secundária);Barreiro,Moita,Palmela;Longa;237|25|68;311 (Adaptado);Transportes Sul do Tejo;Lote 4 - Sudeste;01/06/2022;
4612;Bairro dos Marinheiros - Palmela (Terminal);Barreiro,Palmela;Longa;237|25|68;Nova;Nova;Lote 4 - Sudeste;01/06/2022;
4620;Moita - Paio Pires;Barreiro,Moita,Seixal;Longa;237|25|68;302;Transportes Sul do Tejo;Lote 4 - Sudeste;01/06/2022;
4621;Moita - Seixal (Terminal Fluvial);Barreiro,Moita,Seixal;Longa;237|25|68;Nova;Nova;Lote 4 - Sudeste;01/06/2022;
4632;Coina (Estação) - Quinta do Anjo;Barreiro,Palmela,Seixal,Sesimbra,Setúbal;Longa;237|25|68;Nova;Nova;Lote 4 - Sudeste;13/09/2022;
4640;Casais da Serra - Vila Nogueira de Azeitão;Setúbal;Longa;237|25|68;259;Transportes Sul do Tejo;Lote 4 - Sudeste;01/06/2022;
4641;Quinta do Conde - Setúbal (ITS);Sesimbra,Setúbal;Longa;237|25|68;770;Transportes Sul do Tejo;Lote 4 - Sudeste;01/06/2022;
4642;Sesimbra (Terminal) - Setúbal (Hospital);Sesimbra,Setúbal;Longa;237|25|68;230;Transportes Sul do Tejo;Lote 4 - Sudeste;01/06/2022;
4643;Montijo (Av. Inf. D. Henrique) - Sesimbra (Terminal);Montijo,Sesimbra,Setúbal;Mar;0|184|176;440;Transportes Sul do Tejo;Lote 4 - Sudeste;01/06/2022;
4701;Lisboa (Oriente) - Vale da Amoreira;Lisboa,Moita,Montijo;Rápida;253|183|26;333;Transportes Sul do Tejo;Lote 4 - Sudeste;01/06/2022;
4702;Lisboa (Oriente) - Valbom;Alcochete,Lisboa;Rápida;253|183|26;432;Transportes Sul do Tejo;Lote 4 - Sudeste;01/06/2022;
4703;Lisboa (Oriente) - Montijo (Terminal Rodoviário), via Alcochete e Samouco;Alcochete,Lisboa,Montijo;Rápida;253|183|26;431;Transportes Sul do Tejo;Lote 4 - Sudeste;01/06/2022;
4704;Atalaia - Lisboa (Oriente);Alcochete,Lisboa,Montijo;Rápida;253|183|26;432;Transportes Sul do Tejo;Lote 4 - Sudeste;01/06/2022;
4705;Lisboa (Oriente) - Samouco;Alcochete,Lisboa,Montijo;Rápida;253|183|26;435;Transportes Sul do Tejo;Lote 4 - Sudeste;01/06/2022;
4706;São Francisco - Lisboa (Oriente);Alcochete,Lisboa,Montijo;Rápida;253|183|26;453;Transportes Sul do Tejo;Lote 4 - Sudeste;01/06/2022;
4707;Lisboa (Oriente) - Montijo (Terminal Rodoviário);Lisboa,Montijo;Rápida;253|183|26;435;Transportes Sul do Tejo;Lote 4 - Sudeste;01/06/2022;
4710;Lisboa (Oriente) - Palmela (Terminal);Lisboa,Palmela;Rápida;253|183|26;565;Transportes Sul do Tejo;Lote 4 - Sudeste;01/06/2022;
4711;Lisboa (Oriente) - Pinhal Novo;Lisboa,Palmela;Rápida;253|183|26;565;Transportes Sul do Tejo;Lote 4 - Sudeste;01/06/2022;
4715;Lisboa (Oriente) - Setúbal (Várzea), via Pinhal Novo;Lisboa,Palmela,Setúbal;Rápida;253|183|26;563;Transportes Sul do Tejo;Lote 4 - Sudeste;01/06/2022;
4720;Lisboa (Oriente) - Setúbal (Várzea);Lisboa,Setúbal;Rápida;253|183|26;562;Transportes Sul do Tejo;Lote 4 - Sudeste;01/06/2022;
4725;Lisboa (Sete Rios) - Setúbal (Várzea);Almada,Lisboa,Setúbal;Rápida;253|183|26;561;Transportes Sul do Tejo;Lote 4 - Sudeste;01/06/2022;
4730;Lisboa (Sete Rios) - Setúbal (ITS);Almada,Barreiro,Lisboa,Seixal,Sesimbra,Setúbal;Longa;237|25|68;754;Transportes Sul do Tejo;Lote 4 - Sudeste;13/09/2022;
4901;Landeira - Setúbal (ITS);Palmela,Setúbal,Vendas Novas (Cim Alentejo Central);Longa;237|25|68;709;Transportes Sul do Tejo;Lote 4 - Sudeste;01/06/2022;
4902;Landeira - Pegões;Montijo,Palmela,Vendas Novas (Cim Alentejo Central);Longa;237|25|68;8902;Rodoviária do Alentejo;Lote 4 - Sudeste;01/06/2022;
4905;Faias - Vendas Novas;Montijo,Palmela,Vendas Novas (Cim Alentejo Central);Longa/ Inter-regional;187|62|150;8080;Rodoviária do Alentejo;Lote 4 - Sudeste;01/06/2022;
4906;Setúbal (ITS) - Vendas Novas, via Landeira;Montijo,Palmela,Setúbal,Vendas Novas (Cim Alentejo Central);Longa/ Inter-regional;187|62|150;8902;Rodoviária do Alentejo;Lote 4 - Sudeste;01/06/2022;
