line_id,fare,line_name,municipalities,fare_color,old_line_id,old_operator,old_operator_code,area,start_date
1001,Longa,Alfragide (Estrada do Seminario) - Reboleira (Estação),Amadora,250|50|80,Novas Linhas,Carris Metropolitana,CM,Lote 1 - Noroeste,01/07/2022
1002,Longa,Alfragide (Igreja) - Amadora (Estação Norte),Amadora,250|50|80,Novas Linhas,Carris Metropolitana,CM,Lote 1 - Noroeste,01/07/2022
1003,Longa,Amadora (Estação Norte) - Amadora Este (Metro),Amadora,250|50|80,26,Vimeca / Lisboa Transportes,VM,Lote 1 - Noroeste,01/07/2022
1004,Longa,Amadora (Estação Norte) via Moinhos da Funcheira | Circular,Amadora,250|50|80,Novas Linhas,Carris Metropolitana,CM,Lote 1 - Noroeste,01/07/2022
1005,Longa,Amadora (Estação Norte) - UBBO,Amadora,250|50|80,137,Vimeca / Lisboa Transportes,VM,Lote 1 - Noroeste,01/07/2022
1006,Longa,Amadora (Estação Norte) - UBBO | noturna,Amadora,250|50|80,118,Vimeca / Lisboa Transportes,VM,Lote 1 - Noroeste,01/07/2022
1007,Longa,Amadora (Estação Norte) | Circular madrugada,Amadora,250|50|80,143,Vimeca / Lisboa Transportes,VM,Lote 1 - Noroeste,01/07/2022
1008,Próxima,Amadora Este (Metro) | Circular,Amadora,80|115|255,Novas Linhas,Carris Metropolitana,CM,Lote 1 - Noroeste,01/07/2022
1009,Próxima,Amadora (Hospital)Via Mina e Venteira | Circular,Amadora,80|115|255,Novas Linhas,Carris Metropolitana,CM,Lote 1 - Noroeste,01/07/2022
1010,Longa,Brandoa (Pólo Escolar) - Casal da Mira,Amadora,250|50|80,Novas Linhas,Carris Metropolitana,CM,Lote 1 - Noroeste,01/07/2022
1011,Longa,Brandoa (Largo) - Reboleira (Metro) | Circular,Amadora,250|50|80,168,Vimeca / Lisboa Transportes,VM,Lote 1 - Noroeste,01/07/2022
1012,Próxima,Brandoa (Largo) | Circular,Amadora,80|115|255,Novas Linhas,Carris Metropolitana,CM,Lote 1 - Noroeste,01/07/2022
1013,Longa,Amadora (Cemitério) - Atalaia (Esc Secundária) via Casas do Lago,Amadora,250|50|80,Novas Linhas,Carris Metropolitana,CM,Lote 1 - Noroeste,01/07/2022
1014,Longa,Amadora (Cemitério) - Vila Chã via Casas do Lago,Amadora,250|50|80,Novas Linhas,Carris Metropolitana,CM,Lote 1 - Noroeste,01/07/2022
1015,Próxima,Reboleira (Estação) Via Damaia | Circular,Amadora,80|115|255,Novas Linhas,Carris Metropolitana,CM,Lote 1 - Noroeste,01/07/2022
1101,Longa,Alfragide (Centro Comercial) - Algés (Terminal),Oeiras,250|50|80,1,Vimeca / Lisboa Transportes,VM,Lote 1 - Noroeste,01/07/2022
1101,Longa,Alfragide (Centro Comercial) - Algés (Terminal),Oeiras,250|50|80,2,Vimeca / Lisboa Transportes,VM,Lote 1 - Noroeste,01/07/2022
1102,Longa,Cruz Quebrada (Piscinas) - Algés Junça (Centro Comercial),Oeiras,250|50|80,COMBUS Cruz Quebrada,CM Oeiras,CB,Lote 1 - Noroeste,01/07/2022
1103,Longa,Algés (Terminal) - Queijas (PSP),Oeiras,250|50|80,2,Vimeca / Lisboa Transportes,VM,Lote 1 - Noroeste,01/07/2022
1105,Longa,Algés (Terminal) - Queluz Baixo (Centro Comercial),Oeiras,250|50|80,12,Vimeca / Lisboa Transportes,VM,Lote 1 - Noroeste,01/07/2022
1106,Longa,Algés (Terminal) - Queluz Baixo via Jamor,Oeiras,250|50|80,6,Vimeca / Lisboa Transportes,VM,Lote 1 - Noroeste,01/07/2022
1107,Longa,Algés (Terminal) - Queluz Baixo via Queijas,Oeiras,250|50|80,2,Vimeca / Lisboa Transportes,VM,Lote 1 - Noroeste,01/07/2022
1109,Próxima,Carnaxide via Outurela | Circular,Oeiras,80|115|255,COMBUS Carnaxide,CM Oeiras,CB,Lote 1 - Noroeste,01/07/2022
1110,Longa,Carnaxide via Queijas | Circular,Oeiras,250|50|80,COMBUS Queijas,CM Oeiras,CB,Lote 1 - Noroeste,01/07/2022
1111,Longa,Barcarena | Circular,Oeiras,250|50|80,COMBUS Barcarena,CM Oeiras,CB,Lote 1 - Noroeste,01/07/2022
1112,Longa,Caxias (Estação) - Queijas (Psp),Oeiras,250|50|80,108,Vimeca / Lisboa Transportes,VM,Lote 1 - Noroeste,01/07/2022
1115,Longa,Caxias (Ped Italiana) - Lage (Centro),Oeiras,250|50|80,158,Vimeca / Lisboa Transportes,VM,Lote 1 - Noroeste,01/07/2022
1117,Longa,Caxias (Qta Moura) - Lage (Centro),Oeiras,250|50|80,158,Vimeca / Lisboa Transportes,VM,Lote 1 - Noroeste,01/07/2022
1119,Longa,Leceia (Sociedade) - Paço de Arcos (Estação Norte),Oeiras,250|50|80,119,Vimeca / Lisboa Transportes,VM,Lote 1 - Noroeste,01/07/2022
1120,Próxima,Oeiras (Estação Norte) - Paço de Arcos (Estação Norte),Oeiras,80|115|255,111,Vimeca / Lisboa Transportes,VM,Lote 1 - Noroeste,01/07/2022
1121,Longa,Oeiras | Circular,Oeiras,250|50|80,COMBUS Oeiras,CM Oeiras,CB,Lote 1 - Noroeste,01/07/2022
1122,Longa,B Joaquim Matias - Caxias (Ped Italiana),Oeiras,250|50|80,COMBUS Paço de Arcos,CM Oeiras,CB,Lote 1 - Noroeste,01/07/2022
1123,Longa,Paço de Arcos (Estação Norte) - Porto Salvo (Lagoas Park),Oeiras,250|50|80,129,Vimeca / Lisboa Transportes,VM,Lote 1 - Noroeste,01/07/2022
1124,Próxima,Paço de Arcos | Circular,Oeiras,80|115|255,116,Vimeca / Lisboa Transportes,VM,Lote 1 - Noroeste,01/07/2022
1125,Longa,Porto Salvo | Circular,Oeiras,250|50|80,COMBUS Porto Salvo,CM Oeiras,CB,Lote 1 - Noroeste,01/07/2022
1201,Próxima,Terrugem (Escola) | Circular,Sintra,80|115|255,253,Barraqueiro Transportes,BT,Lote 1 - Noroeste,01/07/2022
1202,Longa,Alegro Sintra via Mem Martins| Circular,Sintra,250|50|80,460,Scotturb,SU,Lote 1 - Noroeste,01/07/2022
1204,Próxima,Alegro Sintra via B Fitares| Circular,Sintra,80|115|255,152,Vimeca / Lisboa Transportes,VM,Lote 1 - Noroeste,01/07/2022
1205,Próxima,Algueirão-Mem Martins (Estação) - Mem Martins (Esc Secundária),Sintra,80|115|255,458,Scotturb,SU,Lote 1 - Noroeste,01/07/2022
1206,Longa,Algueirão-Mem Martins (Estação) - Portela de Sintra (Estação) via Tribunal,Sintra,250|50|80,437,Scotturb,SU,Lote 1 - Noroeste,01/07/2022
1208,Longa,Almargem Bispo (Cemitério) - Portela Sintra (Estação Norte),Sintra,250|50|80,447,Scotturb,SU,Lote 1 - Noroeste,01/07/2022
1209,Longa,Bairro da Felosa - Mira Sintra (Mercado),Sintra,250|50|80,160,Vimeca / Lisboa Transportes,VM,Lote 1 - Noroeste,01/07/2022
1210,Próxima,Bairro Fitares - Mem Martins (Esc Secundária),Sintra,80|115|255,450,Scotturb,SU,Lote 1 - Noroeste,01/07/2022
1211,Longa,Belas (Samaritana) - Cacém (Estação),Sintra,250|50|80,112,Vimeca / Lisboa Transportes,VM,Lote 1 - Noroeste,01/07/2022
1212,Longa,Venda Seca - Queluz (Estação),Sintra,250|50|80,179,Vimeca / Lisboa Transportes,VM,Lote 1 - Noroeste,01/07/2022
1213,Longa,B Joaquim Fontes (Centro Comercial) - Cacém (Estação),Sintra,250|50|80,150,Vimeca / Lisboa Transportes,VM,Lote 1 - Noroeste,01/07/2022
1215,Longa,Cacém (Estação) - via Encosta S. Marcos | Circular,Sintra,250|50|80,140,Vimeca / Lisboa Transportes,VM,Lote 1 - Noroeste,01/07/2022
1215,Longa,Cacém (Estação) - via Encosta S. Marcos | Circular,Sintra,250|50|80,170B,Vimeca / Lisboa Transportes,VM,Lote 1 - Noroeste,01/07/2022
1216,Próxima,Casal do Cotão | Circular via Tercena e São Marcos,Sintra,80|115|255,22,Vimeca / Lisboa Transportes,VM,Lote 1 - Noroeste,01/07/2022
1217,Longa,Cacém (Estação) - Massamá (Urbanização Norte),Sintra,250|50|80,170,Vimeca / Lisboa Transportes,VM,Lote 1 - Noroeste,01/07/2022
1218,Longa,Cacém (Estação) - Mira Sintra (Mercado) via Av Bomb Vol,Sintra,250|50|80,151,Vimeca / Lisboa Transportes,VM,Lote 1 - Noroeste,01/07/2022
1219,Longa,Cacém (Estação) - Mira Sintra (Mercado) via Av Santa Maria,Sintra,250|50|80,151,Vimeca / Lisboa Transportes,VM,Lote 1 - Noroeste,01/07/2022
1220,Longa,Cacém (Estação) - via S. Marcos (Largo) | Circular,Sintra,250|50|80,140,Vimeca / Lisboa Transportes,VM,Lote 1 - Noroeste,01/07/2022
1220,Longa,Cacém (Estação) - via S. Marcos (Largo) | Circular,Sintra,250|50|80,170B,Vimeca / Lisboa Transportes,VM,Lote 1 - Noroeste,01/07/2022
1221,Próxima,Cacém (Estação) via Lopas | Circular,Sintra,80|115|255,126,Vimeca / Lisboa Transportes,VM,Lote 1 - Noroeste,01/07/2022
1222,Próxima,Cacém (Estação) via Bairro Joaquim Fontes | Circular,Sintra,80|115|255,161,Vimeca / Lisboa Transportes,VM,Lote 1 - Noroeste,01/07/2022
1223,Longa,Cacém (Estação) - Portela Sintra (Estação Sul),Sintra,250|50|80,448,Scotturb,SU,Lote 1 - Noroeste,01/07/2022
1224,Longa,Carregueira (Estabelecimento prisional) - Monte Abraão (Estação),Sintra,250|50|80,164,Vimeca / Lisboa Transportes,VM,Lote 1 - Noroeste,01/07/2022
1225,Longa,Cacém (Estação) Via Enc. S. Marcos Univ Católica e Bela Vista | Circular,Sintra,250|50|80,140,Vimeca / Lisboa Transportes,VM,Lote 1 - Noroeste,01/07/2022
1225,Longa,Cacém (Estação) Via Enc. S. Marcos Univ Católica e Bela Vista | Circular,Sintra,250|50|80,170B,Vimeca / Lisboa Transportes,VM,Lote 1 - Noroeste,01/07/2022
1226,Próxima,Massamá (Casal Olival) - Queluz - Belas (Estação),Sintra,80|115|255,24,Vimeca / Lisboa Transportes,VM,Lote 1 - Noroeste,01/07/2022
1227,Longa,Massamá (Casal Olival) - Queluz (4 Caminhos),Sintra,250|50|80,163,Vimeca / Lisboa Transportes,VM,Lote 1 - Noroeste,01/07/2022
1228,Longa,Massamá-Barcarena (Estação Norte) via Belas | Circular,Sintra,250|50|80,Novas Linhas,Carris Metropolitana,CM,Lote 1 - Noroeste,01/07/2022
1229,Próxima,Massamá-Barcarena (Estação Norte) via Quinta das Flores | Circular,Sintra,80|115|255,110,Vimeca / Lisboa Transportes,VM,Lote 1 - Noroeste,01/07/2022
1230,Próxima,Monte Abraão (Estação) | Circular,Sintra,80|115|255,130,Vimeca / Lisboa Transportes,VM,Lote 1 - Noroeste,01/07/2022
1230,Próxima,Monte Abraão (Estação) | Circular,Sintra,80|115|255,131,Vimeca / Lisboa Transportes,VM,Lote 1 - Noroeste,01/07/2022
1231,Longa,Mem Martins (Esc. Ferreira Castro) - Coutinho Afonso,Sintra,250|50|80,447,Scotturb,SU,Lote 1 - Noroeste,01/07/2022
1232,Longa,Rio de Mouro (Estação) via Mem Martins | Circular,Sintra,250|50|80,Novas Linhas,Carris Metropolitana,CM,Lote 1 - Noroeste,01/07/2022
1233,Longa,Cacém (Estação) Via Bela Vista Univ Católica e Enc. S. Marcos| Circular,Sintra,250|50|80,140,Vimeca / Lisboa Transportes,VM,Lote 1 - Noroeste,01/07/2022
1233,Longa,Cacém (Estação) Via Bela Vista Univ Católica e Enc. S. Marcos| Circular,Sintra,250|50|80,170B,Vimeca / Lisboa Transportes,VM,Lote 1 - Noroeste,01/07/2022
1234,Longa,São Pedro Sintra (Chão Meninos) - Mira Sintra (Junta Freguesia),Sintra,250|50|80,446,Scotturb,SU,Lote 1 - Noroeste,01/07/2022
1235,Longa,Covas Ferro - Mercês (Estação Norte),Sintra,250|50|80,447,Scotturb,SU,Lote 1 - Noroeste,01/07/2022
1236,Longa,Alegro Sintra - Queluz - Belas (Estação),Sintra,250|50|80,24F,Vimeca / Lisboa Transportes,VM,Lote 1 - Noroeste,01/07/2022
1240,Longa,Negrais (Soc Recreativa) - Portela Sintra (Estação Norte),Sintra,250|50|80,255,Barraqueiro Transportes,BT,Lote 1 - Noroeste,01/07/2022
1241,Longa,Almoçageme (Mercado) - Portela Sintra (Estação Norte),Sintra,250|50|80,441,Scotturb,SU,Lote 1 - Noroeste,01/07/2022
1242,Longa,Casais Cabrela (Largo) - Almoçageme (Mercado),Sintra,250|50|80,Novas Linhas,Carris Metropolitana,CM,Lote 1 - Noroeste,01/07/2022
1243,Longa,Casais Cabrela (Largo) - Portela Sintra (Estação Norte),Sintra,250|50|80,445,Scotturb,SU,Lote 1 - Noroeste,01/07/2022
1244,Longa,Casal de Cambra (Escola) - Portela Sintra (Estação Norte),Sintra,250|50|80,Novas Linhas,Carris Metropolitana,CM,Lote 1 - Noroeste,01/07/2022
1245,Longa,Catribana (Largo) - Portela Sintra (Estação Norte),Sintra,250|50|80,443,Scotturb,SU,Lote 1 - Noroeste,01/07/2022
1246,Longa,Fontanelas - Portela de Sintra (Estação Norte) via Casal da Granja,Sintra,250|50|80,442,Scotturb,SU,Lote 1 - Noroeste,01/07/2022
1247,Longa,Fontanelas - Portela de Sintra (Estação) via Janas,Sintra,250|50|80,440,Scotturb,SU,Lote 1 - Noroeste,01/07/2022
1248,Longa,Portela Sintra (Estação Norte) - Praia Maçãs (Mercado),Sintra,250|50|80,442,Scotturb,SU,Lote 1 - Noroeste,01/07/2022
1249,Longa,Portela Sintra (Estação Norte) - Magoito (Praia),Sintra,250|50|80,444,Scotturb,SU,Lote 1 - Noroeste,01/07/2022
1250,Longa,Portela Sintra (Estação Norte) - Praia Grande,Sintra,250|50|80,439,Scotturb,SU,Lote 1 - Noroeste,01/07/2022
1251,Longa,Portela Sintra (Estação Sul) - Rio De Mouro (Estação Sul),,250|50|80,460,Scotturb,SU,Lote 1 - Noroeste,01/07/2022
1252,Próxima,Portela Sintra (Estação Sul) | Circular,Sintra,80|115|255,433,Scotturb,SU,Lote 1 - Noroeste,01/07/2022
1253,Longa,Sintra (Estação) via Cabo da Roca | Circular,Sintra,250|50|80,403,Scotturb,SU,Lote 1 - Noroeste,01/07/2022
1254,Longa,Portela Sintra (Estação Norte) - Magoito (Praia),Sintra,250|50|80,441,Scotturb,SU,Lote 1 - Noroeste,01/07/2022
1255,Longa,Rebanque - Portela Sintra (Estação Norte),Sintra,250|50|80,254,Barraqueiro Transportes,BT,Lote 1 - Noroeste,01/07/2022
1501,Próxima,Reboleira (Estação) via ZI Alfragide | Circular,Amadora|Oeiras,80|115|255,Novas Linhas,Carris Metropolitana,CM,Lote 1 - Noroeste,01/07/2022
1502,Longa,Algés (Terminal) - Amadora (Estação Sul) via Linda-a-Velha,Amadora|Oeiras,250|50|80,114,Vimeca / Lisboa Transportes,VM,Lote 1 - Noroeste,01/07/2022
1503,Longa,Algés (Terminal) - Bairro Zambujal via Miraflores,Amadora|Oeiras,250|50|80,10,Vimeca / Lisboa Transportes,VM,Lote 1 - Noroeste,01/07/2022
1504,Longa,Algés (Terminal) - Bairro Zambujal via Linda-a-Velha,Amadora|Oeiras,250|50|80,1,Vimeca / Lisboa Transportes,VM,Lote 1 - Noroeste,01/07/2022
1506,Longa,Amadora (Hospital) via Alfragide e Damaia| Circular,Amadora|Oeiras,250|50|80,Novas Linhas,Carris Metropolitana,CM,Lote 1 - Noroeste,01/07/2022
1507,Longa,Caxias (Estação) - Reboleira (Metro),Amadora|Oeiras,250|50|80,108,Vimeca / Lisboa Transportes,VM,Lote 1 - Noroeste,01/07/2022
1508,Longa,Almargem Bispo (Centro Saúde) - Amadora Este (Metro),Amadora|Sintra,250|50|80,104,Vimeca / Lisboa Transportes,VM,Lote 1 - Noroeste,01/07/2022
1509,Longa,Amadora (Hospital) - Casal de Cambra (C. Saúde),Amadora|Sintra,250|50|80,Novas Linhas,Carris Metropolitana,CM,Lote 1 - Noroeste,01/07/2022
1510,Próxima,Amadora (Hospital) - Damaia De Baixo (Pavilhão Desportivo),Amadora|Sintra,80|115|255,186,Vimeca / Lisboa Transportes,VM,Lote 1 - Noroeste,01/07/2022
1511,Próxima,Amadora (Hospital) via Monte Abraão (Estação) | Circular,Amadora|Sintra,80|115|255,149,Vimeca / Lisboa Transportes,VM,Lote 1 - Noroeste,01/07/2022
1512,Longa,Amadora (Hospital) - Montelavar (Largo),Amadora|Sintra,250|50|80,103,Vimeca / Lisboa Transportes,VM,Lote 1 - Noroeste,01/07/2022
1513,Próxima,Amadora (Hospital) via Queluz | Circular,Amadora|Sintra,80|115|255,25,Vimeca / Lisboa Transportes,VM,Lote 1 - Noroeste,01/07/2022
1514,Longa,Amadora (Hospital) via Alfornelos| Circular,Amadora|Sintra,250|50|80,154,Vimeca / Lisboa Transportes,VM,Lote 1 - Noroeste,01/07/2022
1514,Longa,Amadora (Hospital) via Alfornelos| Circular,Amadora|Sintra,250|50|80,155,Vimeca / Lisboa Transportes,VM,Lote 1 - Noroeste,01/07/2022
1515,Longa,Amadora Este (Metro) - Casal de Cambra,Amadora|Sintra,250|50|80,132,Vimeca / Lisboa Transportes,VM,Lote 1 - Noroeste,01/07/2022
1516,Longa,Casal de Cambra (Igreja) - Monte Abraão (Estação),Amadora|Sintra,250|50|80,Novas Linhas,Carris Metropolitana,CM,Lote 1 - Noroeste,01/07/2022
1517,Longa,Casal de Cambra (C Rebentão) - Reboleira (Metro),Amadora|Sintra,250|50|80,134,Vimeca / Lisboa Transportes,VM,Lote 1 - Noroeste,01/07/2022
1518,Longa,Monte Abraão (Pavilhão Desportivo) - Reboleira (Metro),Amadora|Sintra,250|50|80,105,Vimeca / Lisboa Transportes,VM,Lote 1 - Noroeste,01/07/2022
1519,Longa,Queluz (Palácio) - Serra da Silveira,Amadora|Sintra,250|50|80,157,Vimeca / Lisboa Transportes,VM,Lote 1 - Noroeste,01/07/2022
1520,Longa,Algés (Terminal) - Cacém (Estação),Oeiras|Sintra,250|50|80,Novas Linhas,Carris Metropolitana,CM,Lote 1 - Noroeste,01/07/2022
1521,Longa,Algés (Terminal) - Cacém (Estação) via A5,Oeiras|Sintra,250|50|80,Novas Linhas,Carris Metropolitana,CM,Lote 1 - Noroeste,01/07/2022
1522,Longa,Algés (Terminal) - Monte Abraão (Estação),Oeiras|Sintra,250|50|80,12,Vimeca / Lisboa Transportes,VM,Lote 1 - Noroeste,01/07/2022
1523,Longa,Cacém (Estação) - Oeiras (Estação),Oeiras|Sintra,250|50|80,112,Vimeca / Lisboa Transportes,VM,Lote 1 - Noroeste,01/07/2022
1524,Próxima,Casal do Cotão via Taguspark | Circular,Oeiras|Sintra,80|115|255,23,Vimeca / Lisboa Transportes,VM,Lote 1 - Noroeste,01/07/2022
1525,Longa,Caxias (Estação) - Monte Abraão (Estação),Oeiras|Sintra,250|50|80,117,Vimeca / Lisboa Transportes,VM,Lote 1 - Noroeste,01/07/2022
1526,Longa,Caxias (Est. Prisional) - Monte Abraão (Estação),Oeiras|Sintra,250|50|80,117,Vimeca / Lisboa Transportes,VM,Lote 1 - Noroeste,01/07/2022
1527,Longa,Cruz Quebrada (Estação) - Queluz (Estação),Oeiras|Sintra,250|50|80,102,Vimeca / Lisboa Transportes,VM,Lote 1 - Noroeste,01/07/2022
1528,Longa,Linda-A-Velha (Esc Secundária) - Queluz - Belas (Estação),Oeiras|Sintra,250|50|80,171,Vimeca / Lisboa Transportes,VM,Lote 1 - Noroeste,01/07/2022
1529,Longa,Oeiras (Estação Norte) - Oeiras Golf Residence (Rotunda),Oeiras|Sintra,250|50|80,122,Vimeca / Lisboa Transportes,VM,Lote 1 - Noroeste,01/07/2022
1530,Longa,Oeiras (Estação Norte) - Queluz (4 Caminhos),Oeiras|Sintra,250|50|80,106,Vimeca / Lisboa Transportes,VM,Lote 1 - Noroeste,01/07/2022
1531,Longa,Paço de Arcos (Estação Norte) - São Marcos (Rotunda),Oeiras|Sintra,250|50|80,119,Vimeca / Lisboa Transportes,VM,Lote 1 - Noroeste,01/07/2022
1601,Longa,Amadora Este (Metro) - Carcavelos (Praia),Amadora|Cascais|Oeiras|Sintra,250|50|80,106,Vimeca / Lisboa Transportes,VM,Lote 1 - Noroeste,01/07/2022
1602,Longa,Carcavelos (Praia) - Queluz (4 Caminhos),Amadora|Cascais|Oeiras|Sintra,250|50|80,106,Vimeca / Lisboa Transportes,VM,Lote 1 - Noroeste,01/07/2022
1603,Longa,Amadora (Estação Norte) - Caneças (Largo Vieira Caldas),Amadora|Odivelas|Sintra,250|50|80,133,Vimeca / Lisboa Transportes,VM,Lote 1 - Noroeste,01/07/2022
1604,Longa,Carcavelos (Estação) - Parede (Terminal),Cascais|Oeiras,250|50|80,471,Scotturb,SU,Lote 1 - Noroeste,01/07/2022
1604,Longa,Carcavelos (Estação) - Parede (Terminal),Cascais|Oeiras,250|50|80,479,Scotturb,SU,Lote 1 - Noroeste,01/07/2022
1605,Longa,Carnaxide (Av. João Paulo II) - Carcavelos (Nova SBE) via A5,Cascais|Oeiras,250|50|80,Novas Linhas,Carris Metropolitana,CM,Lote 1 - Noroeste,01/07/2022
1606,Longa,Carnaxide (Av. João Paulo II) - Carcavelos (Nova SBE) via Terrugem,Cascais|Oeiras,250|50|80,Novas Linhas,Carris Metropolitana,CM,Lote 1 - Noroeste,01/07/2022
1608,Longa,Oeiras (Estação Norte) - Taguspark (Rotunda Sef),Cascais|Oeiras,250|50|80,470,Scotturb,SU,Lote 1 - Noroeste,01/07/2022
1609,Longa,Oeiras (Estação Norte) - Talaíde (Igreja),Cascais|Oeiras,250|50|80,470,Scotturb,SU,Lote 1 - Noroeste,01/07/2022
1610,Longa,Paço de Arcos (Estação Norte) - Talaíde (Campo Futebol),Cascais|Oeiras,250|50|80,125,Vimeca / Lisboa Transportes,VM,Lote 1 - Noroeste,01/07/2022
1611,Longa,Paço de Arcos (Estação Norte) - Talaíde (Campo Futebol) via Vila Fria,Cascais|Oeiras,250|50|80,184,Vimeca / Lisboa Transportes,VM,Lote 1 - Noroeste,01/07/2022
1612,Longa,Cacém (Estação) - Carcavelos (Estação),Cascais|Oeiras|Sintra,250|50|80,Novas Linhas,Carris Metropolitana,CM,Lote 1 - Noroeste,01/07/2022
1613,Longa,Cacém (Estação) - Oeiras (Estação Sul) via Trajouce,Cascais|Oeiras|Sintra,250|50|80,463,Scotturb,SU,Lote 1 - Noroeste,01/07/2022
1614,Longa,Carcavelos (Estação) - Portela Sintra (Estação Sul),Cascais|Oeiras|Sintra,250|50|80,467,Scotturb,SU,Lote 1 - Noroeste,01/07/2022
1615,Longa,Carcavelos (Estação) - Rio De Mouro (Estação Sul),Cascais|Oeiras|Sintra,250|50|80,468,Scotturb,SU,Lote 1 - Noroeste,01/07/2022
1616,Longa,Paço de Arcos (Estação Norte) - Taguspark (Rotunda Sef),Cascais|Oeiras|Sintra,250|50|80,125,Vimeca / Lisboa Transportes,VM,Lote 1 - Noroeste,01/07/2022
1617,Longa,Paço de Arcos (Estação Norte) - Talaíde (Igreja),Cascais|Oeiras|Sintra,250|50|80,119,Vimeca / Lisboa Transportes,VM,Lote 1 - Noroeste,01/07/2022
1622,Longa,Cacém (Estação) - Carcavelos (Estação) via Trajouce,Cascais|Sintra,250|50|80,463,Scotturb,SU,Lote 1 - Noroeste,01/07/2022
1623,Longa,Cascais (Terminal) - Portela Sintra (Estação Sul),Cascais|Sintra,250|50|80,417,Scotturb,SU,Lote 1 - Noroeste,01/07/2022
1624,Longa,Cascais (Terminal) - Portela de Sintra (Estação Norte) via Azóia e Almoçageme,Cascais|Sintra,250|50|80,403,Scotturb,SU,Lote 1 - Noroeste,01/07/2022
1625,Longa,Cascais (Terminal) - Rio De Mouro (Estação Sul),Cascais|Sintra,250|50|80,455,Scotturb,SU,Lote 1 - Noroeste,01/07/2022
1626,Longa,CascaiShopping (Terminal) - Portela Sintra (Estação Sul),Cascais|Sintra,250|50|80,417,Scotturb,SU,Lote 1 - Noroeste,01/07/2022
1626,Longa,CascaiShopping (Terminal) - Portela Sintra (Estação Sul),Cascais|Sintra,250|50|80,418,Scotturb,SU,Lote 1 - Noroeste,01/07/2022
1627,Longa,CascaiShopping (Terminal) - Rio De Mouro (Estação Sul),Cascais|Sintra,250|50|80,456,Scotturb,SU,Lote 1 - Noroeste,01/07/2022
1628,Longa,Estoril (Estação) - Rio De Mouro (Estação Sul) via Amoreira,Cascais|Sintra,250|50|80,456,Scotturb,SU,Lote 1 - Noroeste,01/07/2022
1629,Longa,Estoril (Estação) - Portela Sintra (Estação Sul),Cascais|Sintra,250|50|80,418,Scotturb,SU,Lote 1 - Noroeste,01/07/2022
1630,Longa,Estoril (Estação) - Portela Sintra (Estação Sul) via Monte Estoril,Cascais|Sintra,250|50|80,418,Scotturb,SU,Lote 1 - Noroeste,01/07/2022
1631,Longa,Estoril (Estação) - Rio De Mouro (Estação Sul),Cascais|Sintra,250|50|80,456,Scotturb,SU,Lote 1 - Noroeste,01/07/2022
1632,Longa,Carvalhal (Largo) - Portela Sintra (Estação Norte),Mafra|Sintra,250|50|80,445,Scotturb,SU,Lote 1 - Noroeste,01/07/2022
1633,Longa,Ericeira (Terminal) - Portela de Sintra (Estação Norte),Mafra|Sintra,250|50|80,202,Barraqueiro Transportes,BT,Lote 1 - Noroeste,01/07/2022
1634,Longa,Fonte Da Aranha - Montelavar (Largo),Mafra|Sintra,250|50|80,124,Vimeca / Lisboa Transportes,VM,Lote 1 - Noroeste,01/07/2022
1635,Longa,Almargem Bispo (Centro Saúde) - Caneças (Largo Vieira Caldas),Odivelas|Sintra,250|50|80,221,Rodoviária de Lisboa,RL,Lote 1 - Noroeste,01/07/2022
1636,Longa,Caneças (B Maria Teresa) - D Maria (Igreja),Odivelas|Sintra,250|50|80,220,Rodoviária de Lisboa,RL,Lote 1 - Noroeste,01/07/2022
1637,Longa,Casal de Cambra - Vale Lobos (Largo),Odivelas|Sintra,250|50|80,220,Rodoviária de Lisboa,RL,Lote 1 - Noroeste,01/07/2022
1638,Longa,Oeiras (Estação Norte) - Parede (Terminal),Oeiras|Cascais,250|50|80,489,Scotturb,SU,Lote 1 - Noroeste,01/07/2022
1703,Longa,Amadora (Estação Norte) - Pontinha (Metro),Amadora|Lisboa,250|50|80,143,Vimeca / Lisboa Transportes,VM,Lote 1 - Noroeste,01/07/2022
1704,Longa,Amadora (Hospital) -Marquês Pombal (Metro),Amadora|Lisboa,250|50|80,185,Vimeca / Lisboa Transportes,VM,Lote 1 - Noroeste,01/07/2022
1706,Longa,Colégio Militar (Metro) - Casal Mira (UBBO) via Brandoa,Amadora|Lisboa,250|50|80,128,Vimeca / Lisboa Transportes,VM,Lote 1 - Noroeste,01/07/2022
1707,Longa,Colégio Militar (Metro)  – Casal Mira (UBBO) via Amadora Este (Metro),Amadora|Lisboa,250|50|80,142,Vimeca / Lisboa Transportes,VM,Lote 1 - Noroeste,01/07/2022
1708,Longa,Casal Mira (UBBO) via Colégio Militar (Metro) | Circular,Amadora|Lisboa,250|50|80,165,Vimeca / Lisboa Transportes,VM,Lote 1 - Noroeste,01/07/2022
1709,Longa,Caneças (Largo Jardim) - Lisboa (Colégio Militar),Amadora|Lisboa|Odivelas|Sintra,250|50|80,210,Rodoviária de Lisboa,RL,Lote 1 - Noroeste,01/07/2022
1709,Longa,Caneças (Largo Jardim) - Lisboa (Colégio Militar),Amadora|Lisboa|Odivelas|Sintra,250|50|80,231,Rodoviária de Lisboa,RL,Lote 1 - Noroeste,01/07/2022
1710,Longa,Caneças (Largo Jardim) - Pontinha (Metro),Amadora|Lisboa|Odivelas|Sintra,250|50|80,210,Rodoviária de Lisboa,RL,Lote 1 - Noroeste,01/07/2022
1711,Longa,Caneças (Esc Secundária) - Pontinha (Metro),Amadora|Lisboa|Odivelas|Sintra,250|50|80,224,Rodoviária de Lisboa,RL,Lote 1 - Noroeste,01/07/2022
1712,Longa,Algés (Terminal) - Amadora (Estação Sul),Amadora|Lisboa|Oeiras,250|50|80,20,Vimeca / Lisboa Transportes,VM,Lote 1 - Noroeste,01/07/2022
1713,Longa,Algés (Terminal) - Amadora Este (Metro),Amadora|Lisboa|Oeiras,250|50|80,162,Vimeca / Lisboa Transportes,VM,Lote 1 - Noroeste,01/07/2022
1714,Longa,Amadora (Estação Sul) - Belém (Estação),Amadora|Lisboa|Oeiras,250|50|80,113,Vimeca / Lisboa Transportes,VM,Lote 1 - Noroeste,01/07/2022
1715,Longa,Belém (Estação) - Mira Sintra (Mercado),Amadora|Lisboa|Oeiras|Sintra,250|50|80,149,Vimeca / Lisboa Transportes,VM,Lote 1 - Noroeste,01/07/2022
1716,Longa,Idanha (Urb Campinas) - Marquês Pombal (Metro),Amadora|Lisboa|Oeiras|Sintra,250|50|80,107,Vimeca / Lisboa Transportes,VM,Lote 1 - Noroeste,01/07/2022
1717,Longa,Colégio Militar (Metro) - Tercena via Amadora Este (Metro),Amadora|Lisboa|Oeiras|Sintra,250|50|80,101,Vimeca / Lisboa Transportes,VM,Lote 1 - Noroeste,01/07/2022
1718,Longa,Grajal - Belém (Estação),Amadora|Lisboa|Sintra,250|50|80,144,Vimeca / Lisboa Transportes,VM,Lote 1 - Noroeste,01/07/2022
1719,Longa,Casal de Cambra - Colégio Militar (Metro),Amadora|Lisboa|Sintra,250|50|80,Novas Linhas,Carris Metropolitana,CM,Lote 1 - Noroeste,01/07/2022
1720,Longa,Casal de Cambra - Colégio Militar (Metro)  via Amadora,Amadora|Lisboa|Sintra,250|50|80,132,Vimeca / Lisboa Transportes,VM,Lote 1 - Noroeste,01/07/2022
1721,Longa,Colégio Militar (Metro)  - Massamá (Casal do Olival) via Amadora Este (Metro),Amadora|Lisboa|Sintra,250|50|80,163,Vimeca / Lisboa Transportes,VM,Lote 1 - Noroeste,01/07/2022
1722,Longa,Alfragide (Centro Comercial) - Hospital São Francisco Xavier,Lisboa|Oeiras,250|50|80,1,Vimeca / Lisboa Transportes,VM,Lote 1 - Noroeste,01/07/2022
1723,Longa,Carnaxide (Av Portugal) - Marquês Pombal (Metro),Lisboa|Oeiras,250|50|80,7,Vimeca / Lisboa Transportes,VM,Lote 1 - Noroeste,01/07/2022
1723,Longa,Carnaxide (Av Portugal) - Marquês Pombal (Metro),Lisboa|Oeiras,250|50|80,13,Vimeca / Lisboa Transportes,VM,Lote 1 - Noroeste,01/07/2022
1724,Longa,Linda-a-Velha - Marquês Pombal (Metro),Lisboa|Oeiras,250|50|80,11,Vimeca / Lisboa Transportes,VM,Lote 1 - Noroeste,01/07/2022
1725,Longa,Marquês Pombal (Metro) - Oeiras (Estação Norte),Lisboa|Oeiras,250|50|80,115,Vimeca / Lisboa Transportes,VM,Lote 1 - Noroeste,01/07/2022
1726,Longa,Marquês Pombal (Metro)- Queijas (PSP),Lisboa|Oeiras,250|50|80,13,Vimeca / Lisboa Transportes,VM,Lote 1 - Noroeste,01/07/2022
1728,Longa,Marquês Pombal (Metro) - Queijas (PSP) via Linda-a-Velha,Lisboa|Oeiras,250|50|80,13,Vimeca / Lisboa Transportes,VM,Lote 1 - Noroeste,01/07/2022
1729,Longa,Marquês Pombal (Metro) - Queluz Baixo (Centro Comercial),Lisboa|Oeiras,250|50|80,13D,Vimeca / Lisboa Transportes,VM,Lote 1 - Noroeste,01/07/2022
1730,Longa,Marquês Pombal (Metro) - Queluz Baixo (Centro Comercial) via Linda-a-Velha,Lisboa|Oeiras,250|50|80,13,Vimeca / Lisboa Transportes,VM,Lote 1 - Noroeste,01/07/2022
1731,Longa,Cacém (Estação) - Hospital São Francisco Xavier,Lisboa|Oeiras|Sintra,250|50|80,Novas Linhas,Carris Metropolitana,CM,Lote 1 - Noroeste,01/07/2022
1733,Longa,Marquês Pombal (Metro) - São Marcos via Queijas,Lisboa|Oeiras|Sintra,250|50|80,15,Vimeca / Lisboa Transportes,VM,Lote 1 - Noroeste,01/07/2022