line_id;line_name;municipalities;fare;fare_color;old_line_id;old_operator;area;start_date
1101;Alfragide (Centro Comercial) - Algés (Terminal);Oeiras;Longa;237|25|68;1,2;Vimeca / Lisboa Transportes;Lote 1 - Noroeste;01/07/2022
1504;Algés (Terminal) - Bairro Zambujal, via Linda-a-Velha;Amadora, Oeiras;Longa;237|25|68;1;Vimeca / Lisboa Transportes;Lote 1 - Noroeste;01/07/2022
1722;Alfragide (Centro Comercial) - Hospital São Francisco Xavier;Lisboa, Oeiras;Longa;237|25|68;1;Vimeca / Lisboa Transportes;Lote 1 - Noroeste;01/07/2022
1103;Algés (Terminal) - Queijas (PSP);Oeiras;Longa;237|25|68;2;Vimeca / Lisboa Transportes;Lote 1 - Noroeste;01/07/2022
1107;Algés (Terminal) - Queluz Baixo, via Queijas;Oeiras;Longa;237|25|68;2;Vimeca / Lisboa Transportes;Lote 1 - Noroeste;01/07/2022
1106;Algés (Terminal) - Queluz Baixo, via Jamor;Oeiras;Longa;237|25|68;6;Vimeca / Lisboa Transportes;Lote 1 - Noroeste;01/07/2022
1503;Algés (Terminal) - Bairro Zambujal, via Miraflores;Amadora, Oeiras;Longa;237|25|68;10;Vimeca / Lisboa Transportes;Lote 1 - Noroeste;01/07/2022
1724;Linda-a-Velha - Marquês Pombal (Metro);Lisboa, Oeiras;Longa;237|25|68;11;Vimeca / Lisboa Transportes;Lote 1 - Noroeste;01/07/2022
1105;Algés (Terminal) - Queluz Baixo (Centro Comercial);Oeiras;Longa;237|25|68;12;Vimeca / Lisboa Transportes;Lote 1 - Noroeste;01/07/2022
1522;Algés (Terminal) - Monte Abraão (Estação);Oeiras, Sintra;Longa;237|25|68;12;Vimeca / Lisboa Transportes;Lote 1 - Noroeste;01/07/2022
1726;Marquês Pombal (Metro)- Queijas (PSP);Lisboa, Oeiras;Longa;237|25|68;13;Vimeca / Lisboa Transportes;Lote 1 - Noroeste;01/07/2022
1728;Marquês Pombal (Metro) - Queijas (PSP), via Linda-a-Velha;Lisboa, Oeiras;Longa;237|25|68;13;Vimeca / Lisboa Transportes;Lote 1 - Noroeste;01/07/2022
1730;Marquês Pombal (Metro) - Queluz Baixo (Centro Comercial), via Linda-a-Velha;Lisboa, Oeiras;Longa;237|25|68;13;Vimeca / Lisboa Transportes;Lote 1 - Noroeste;01/07/2022
1733;Marquês Pombal (Metro) - São Marcos, via Queijas;Lisboa, Oeiras, Sintra;Longa;237|25|68;15;Vimeca / Lisboa Transportes;Lote 1 - Noroeste;01/07/2022
1712;Algés (Terminal) - Amadora (Estação Sul);Amadora, Lisboa, Oeiras;Longa;237|25|68;20;Vimeca / Lisboa Transportes;Lote 1 - Noroeste;01/07/2022
1216;Casal do Cotão | Circular, via Tercena e São Marcos;Sintra;Próxima;61|133|198;22;Vimeca / Lisboa Transportes;Lote 1 - Noroeste;01/07/2022
1524;Casal do Cotão, via Taguspark | Circular;Oeiras, Sintra;Próxima;61|133|198;23;Vimeca / Lisboa Transportes;Lote 1 - Noroeste;01/07/2022
1226;Massamá (Casal Olival) - Queluz - Belas (Estação);Sintra;Próxima;61|133|198;24;Vimeca / Lisboa Transportes;Lote 1 - Noroeste;01/07/2022
1513;Amadora (Hospital), via Queluz | Circular;Amadora, Sintra;Próxima;61|133|198;25;Vimeca / Lisboa Transportes;Lote 1 - Noroeste;01/07/2022
1717;Colégio Militar (Metro) - Tercena, via Amadora Este (Metro);Amadora, Lisboa, Oeiras, Sintra;Longa;237|25|68;101;Vimeca / Lisboa Transportes;Lote 1 - Noroeste;01/07/2022
1527;Cruz Quebrada (Estação) - Queluz (Estação);Oeiras, Sintra;Longa;237|25|68;102;Vimeca / Lisboa Transportes;Lote 1 - Noroeste;01/07/2022
1512;Amadora (Hospital) - Montelavar (Largo);Amadora, Sintra;Longa;237|25|68;103;Vimeca / Lisboa Transportes;Lote 1 - Noroeste;01/07/2022
1508;Almargem Bispo (Centro Saúde) - Amadora Este (Metro);Amadora, Sintra;Longa;237|25|68;104;Vimeca / Lisboa Transportes;Lote 1 - Noroeste;01/07/2022
1518;Monte Abraão (Pavilhão Desportivo) - Reboleira (Metro);Amadora, Sintra;Longa;237|25|68;105;Vimeca / Lisboa Transportes;Lote 1 - Noroeste;01/07/2022
1530;Oeiras (Estação Norte) - Queluz (4 Caminhos);Oeiras, Sintra;Longa;237|25|68;106;Vimeca / Lisboa Transportes;Lote 1 - Noroeste;01/07/2022
1601;Amadora Este (Metro) - Carcavelos (Praia);Amadora, Cascais, Oeiras, Sintra;Longa;237|25|68;106;Vimeca / Lisboa Transportes;Lote 1 - Noroeste;01/07/2022
1602;Carcavelos (Praia) - Queluz (4 Caminhos);Amadora, Cascais, Oeiras, Sintra;Longa;237|25|68;106;Vimeca / Lisboa Transportes;Lote 1 - Noroeste;01/07/2022
1716;Idanha (Urb Campinas) - Marquês Pombal (Metro);Amadora, Lisboa, Oeiras, Sintra;Longa;237|25|68;107;Vimeca / Lisboa Transportes;Lote 1 - Noroeste;01/07/2022
1112;Caxias (Estação) - Queijas (Psp);Oeiras;Longa;237|25|68;108;Vimeca / Lisboa Transportes;Lote 1 - Noroeste;01/07/2022
1507;Caxias (Estação) - Reboleira (Metro);Amadora, Oeiras;Longa;237|25|68;108;Vimeca / Lisboa Transportes;Lote 1 - Noroeste;01/07/2022
1229;Massamá-Barcarena (Estação Norte), via Quinta das Flores | Circular;Sintra;Próxima;61|133|198;110;Vimeca / Lisboa Transportes;Lote 1 - Noroeste;01/07/2022
1120;Oeiras (Estação Norte) - Paço de Arcos (Estação Norte);Oeiras;Próxima;61|133|198;111;Vimeca / Lisboa Transportes;Lote 1 - Noroeste;01/07/2022
1211;Belas (Samaritana) - Cacém (Estação);Sintra;Longa;237|25|68;112;Vimeca / Lisboa Transportes;Lote 1 - Noroeste;01/07/2022
1523;Cacém (Estação) - Oeiras (Estação);Oeiras, Sintra;Longa;237|25|68;112;Vimeca / Lisboa Transportes;Lote 1 - Noroeste;01/07/2022
1714;Amadora (Estação Sul) - Belém (Estação);Amadora, Lisboa, Oeiras;Longa;237|25|68;113;Vimeca / Lisboa Transportes;Lote 1 - Noroeste;01/07/2022
1502;Algés (Terminal) - Amadora (Estação Sul), via Linda-a-Velha;Amadora, Oeiras;Longa;237|25|68;114;Vimeca / Lisboa Transportes;Lote 1 - Noroeste;01/07/2022
1725;Marquês Pombal (Metro) - Oeiras (Estação Norte);Lisboa, Oeiras;Longa;237|25|68;115;Vimeca / Lisboa Transportes;Lote 1 - Noroeste;01/07/2022
1124;Paço de Arcos | Circular;Oeiras;Próxima;61|133|198;116;Vimeca / Lisboa Transportes;Lote 1 - Noroeste;01/07/2022
1525;Caxias (Estação) - Monte Abraão (Estação);Oeiras, Sintra;Longa;237|25|68;117;Vimeca / Lisboa Transportes;Lote 1 - Noroeste;01/07/2022
1526;Caxias (Est. Prisional) - Monte Abraão (Estação);Oeiras, Sintra;Longa;237|25|68;117;Vimeca / Lisboa Transportes;Lote 1 - Noroeste;01/07/2022
1119;Leceia (Sociedade) - Paço de Arcos (Estação Norte);Oeiras;Longa;237|25|68;119;Vimeca / Lisboa Transportes;Lote 1 - Noroeste;01/07/2022
1531;Paço de Arcos (Estação Norte) - São Marcos (Rotunda);Oeiras, Sintra;Longa;237|25|68;119;Vimeca / Lisboa Transportes;Lote 1 - Noroeste;01/07/2022
1617;Paço de Arcos (Estação Norte) - Talaíde (Igreja);Cascais, Oeiras, Sintra;Longa;237|25|68;119;Vimeca / Lisboa Transportes;Lote 1 - Noroeste;01/07/2022
1529;Oeiras (Estação Norte) - Oeiras Golf Residence (Rotunda);Oeiras, Sintra;Longa;237|25|68;122;Vimeca / Lisboa Transportes;Lote 1 - Noroeste;01/07/2022
1634;Fonte Da Aranha - Montelavar (Largo);Mafra, Sintra;Longa;237|25|68;124;Vimeca / Lisboa Transportes;Lote 1 - Noroeste;01/07/2022
1610;Paço de Arcos (Estação Norte) - Talaíde (Campo Futebol);Cascais, Oeiras;Longa;237|25|68;125;Vimeca / Lisboa Transportes;Lote 1 - Noroeste;01/07/2022
1616;Paço de Arcos (Estação Norte) - Taguspark (Rotunda Sef);Cascais, Oeiras, Sintra;Longa;237|25|68;125;Vimeca / Lisboa Transportes;Lote 1 - Noroeste;01/07/2022
1221;Cacém (Estação), via Lopas | Circular;Sintra;Próxima;61|133|198;126;Vimeca / Lisboa Transportes;Lote 1 - Noroeste;01/07/2022
1706;Colégio Militar (Metro) - Casal Mira (UBBO), via Brandoa;Amadora, Lisboa;Longa;237|25|68;128;Vimeca / Lisboa Transportes;Lote 1 - Noroeste;01/07/2022
1123;Paço de Arcos (Estação Norte) - Porto Salvo (Lagoas Park);Oeiras;Longa;237|25|68;129;Vimeca / Lisboa Transportes;Lote 1 - Noroeste;01/07/2022
1515;Amadora Este (Metro) - Casal de Cambra;Amadora, Sintra;Longa;237|25|68;132;Vimeca / Lisboa Transportes;Lote 1 - Noroeste;01/07/2022
1720;Casal de Cambra - Colégio Militar (Metro) , via Amadora;Amadora, Lisboa, Sintra;Longa;237|25|68;132;Vimeca / Lisboa Transportes;Lote 1 - Noroeste;01/07/2022
1603;Amadora (Estação Norte) - Caneças (Largo Vieira Caldas);Amadora, Odivelas, Sintra;Longa;237|25|68;133;Vimeca / Lisboa Transportes;Lote 1 - Noroeste;01/07/2022
1517;Casal de Cambra (C Rebentão) - Reboleira (Metro);Amadora, Sintra;Longa;237|25|68;134;Vimeca / Lisboa Transportes;Lote 1 - Noroeste;01/07/2022
1707;Colégio Militar (Metro)  – Casal Mira (UBBO), via Amadora Este (Metro);Amadora, Lisboa;Longa;237|25|68;142;Vimeca / Lisboa Transportes;Lote 1 - Noroeste;01/07/2022
1007;Amadora (Estação Norte) | Circular madrugada;Amadora;Longa;237|25|68;143;Vimeca / Lisboa Transportes;Lote 1 - Noroeste;01/07/2022
1703;Amadora (Estação Norte) - Pontinha (Metro);Amadora, Lisboa;Longa;237|25|68;143;Vimeca / Lisboa Transportes;Lote 1 - Noroeste;01/07/2022
1718;Grajal - Belém (Estação);Amadora, Lisboa, Sintra;Longa;237|25|68;144;Vimeca / Lisboa Transportes;Lote 1 - Noroeste;01/07/2022
1511;Amadora (Hospital), via Monte Abraão (Estação) | Circular;Amadora, Sintra;Próxima;61|133|198;149;Vimeca / Lisboa Transportes;Lote 1 - Noroeste;01/07/2022
1715;Belém (Estação) - Mira Sintra (Mercado);Amadora, Lisboa, Oeiras, Sintra;Longa;237|25|68;149;Vimeca / Lisboa Transportes;Lote 1 - Noroeste;01/07/2022
1213;B Joaquim Fontes (Centro Comercial) - Cacém (Estação);Sintra;Longa;237|25|68;150;Vimeca / Lisboa Transportes;Lote 1 - Noroeste;01/07/2022
1218;Cacém (Estação) - Mira Sintra (Mercado), via Av Bomb Vol;Sintra;Longa;237|25|68;151;Vimeca / Lisboa Transportes;Lote 1 - Noroeste;01/07/2022
1219;Cacém (Estação) - Mira Sintra (Mercado), via Av Santa Maria;Sintra;Longa;237|25|68;151;Vimeca / Lisboa Transportes;Lote 1 - Noroeste;01/07/2022
1204;Alegro Sintra, via B Fitares| Circular;Sintra;Próxima;61|133|198;152;Vimeca / Lisboa Transportes;Lote 1 - Noroeste;01/07/2022
1519;Queluz (Palácio) - Serra da Silveira;Amadora, Sintra;Longa;237|25|68;157;Vimeca / Lisboa Transportes;Lote 1 - Noroeste;01/07/2022
1115;Caxias (Ped Italiana) - Lage (Centro);Oeiras;Longa;237|25|68;158;Vimeca / Lisboa Transportes;Lote 1 - Noroeste;01/07/2022
1117;Caxias (Qta Moura) - Lage (Centro);Oeiras;Longa;237|25|68;158;Vimeca / Lisboa Transportes;Lote 1 - Noroeste;01/07/2022
1209;Bairro da Felosa - Mira Sintra (Mercado);Sintra;Longa;237|25|68;160;Vimeca / Lisboa Transportes;Lote 1 - Noroeste;01/07/2022
1222;Cacém (Estação), via Bairro Joaquim Fontes | Circular;Sintra;Próxima;61|133|198;161;Vimeca / Lisboa Transportes;Lote 1 - Noroeste;01/07/2022
1713;Algés (Terminal) - Amadora Este (Metro);Amadora, Lisboa, Oeiras;Longa;237|25|68;162;Vimeca / Lisboa Transportes;Lote 1 - Noroeste;01/07/2022
1227;Massamá (Casal Olival) - Queluz (4 Caminhos);Sintra;Longa;237|25|68;163;Vimeca / Lisboa Transportes;Lote 1 - Noroeste;01/07/2022
1721;Colégio Militar (Metro)  - Massamá (Casal do Olival), via Amadora Este (Metro);Amadora, Lisboa, Sintra;Longa;237|25|68;163;Vimeca / Lisboa Transportes;Lote 1 - Noroeste;01/07/2022
1224;Carregueira (Estabelecimento prisional) - Monte Abraão (Estação);Sintra;Longa;237|25|68;164;Vimeca / Lisboa Transportes;Lote 1 - Noroeste;01/07/2022
1708;Casal Mira (UBBO), via Colégio Militar (Metro) | Circular;Amadora, Lisboa;Longa;237|25|68;165;Vimeca / Lisboa Transportes;Lote 1 - Noroeste;01/07/2022
1217;Cacém (Estação) - Massamá (Urbanização Norte);Sintra;Longa;237|25|68;170;Vimeca / Lisboa Transportes;Lote 1 - Noroeste;01/07/2022
1528;Linda-A-Velha (Esc Secundária) - Queluz - Belas (Estação);Oeiras, Sintra;Longa;237|25|68;171;Vimeca / Lisboa Transportes;Lote 1 - Noroeste;01/07/2022
1212;Venda Seca - Queluz (Estação);Sintra;Longa;237|25|68;179;Vimeca / Lisboa Transportes;Lote 1 - Noroeste;01/07/2022
1611;Paço de Arcos (Estação Norte) - Talaíde (Campo Futebol), via Vila Fria;Cascais, Oeiras;Longa;237|25|68;184;Vimeca / Lisboa Transportes;Lote 1 - Noroeste;01/07/2022
1704;Amadora (Hospital) -Marquês Pombal (Metro);Amadora, Lisboa;Longa;237|25|68;185;Vimeca / Lisboa Transportes;Lote 1 - Noroeste;01/07/2022
1633;Ericeira (Terminal) - Portela de Sintra (Estação Norte);Mafra, Sintra;Longa;237|25|68;202;Barraqueiro Transportes;Lote 1 - Noroeste;01/07/2022
1710;Caneças (Largo Jardim) - Pontinha (Metro);Amadora, Lisboa, Odivelas, Sintra;Longa;237|25|68;210;Rodoviária de Lisboa;Lote 1 - Noroeste;01/07/2022
1636;Caneças (B Maria Teresa) - D Maria (Igreja);Odivelas, Sintra;Longa;237|25|68;220;Rodoviária de Lisboa;Lote 1 - Noroeste;01/07/2022
1637;Casal de Cambra - Vale Lobos (Largo);Odivelas, Sintra;Longa;237|25|68;220;Rodoviária de Lisboa;Lote 1 - Noroeste;01/07/2022
1635;Almargem Bispo (Centro Saúde) - Caneças (Largo Vieira Caldas);Odivelas, Sintra;Longa;237|25|68;221;Rodoviária de Lisboa;Lote 1 - Noroeste;01/07/2022
1711;Caneças (Esc Secundária) - Pontinha (Metro);Amadora, Lisboa, Odivelas, Sintra;Longa;237|25|68;224;Rodoviária de Lisboa;Lote 1 - Noroeste;01/07/2022
1201;Terrugem (Escola) | Circular;Sintra;Próxima;61|133|198;253;Barraqueiro Transportes;Lote 1 - Noroeste;01/07/2022
1255;Rebanque - Portela Sintra (Estação Norte);Sintra;Longa;237|25|68;254;Barraqueiro Transportes;Lote 1 - Noroeste;01/07/2022
1240;Negrais (Soc Recreativa) - Portela Sintra (Estação Norte);Sintra;Longa;237|25|68;255;Barraqueiro Transportes;Lote 1 - Noroeste;01/07/2022
1624;Cascais (Terminal) - Portela de Sintra (Estação Norte), via Azóia e Almoçageme;Cascais, Sintra;Longa;237|25|68;403;Scotturb;Lote 1 - Noroeste;01/07/2022
1623;Cascais (Terminal) - Portela Sintra (Estação Sul);Cascais, Sintra;Longa;237|25|68;417;Scotturb;Lote 1 - Noroeste;01/07/2022
1629;Estoril (Estação) - Portela Sintra (Estação Sul);Cascais, Sintra;Longa;237|25|68;418;Scotturb;Lote 1 - Noroeste;01/07/2022
1630;Estoril (Estação) - Portela Sintra (Estação Sul), via Monte Estoril;Cascais, Sintra;Longa;237|25|68;418;Scotturb;Lote 1 - Noroeste;01/07/2022
1252;Portela Sintra (Estação Sul) | Circular;Sintra;Próxima;61|133|198;433;Scotturb;Lote 1 - Noroeste;01/07/2022
1206;Algueirão-Mem Martins (Estação) - Portela de Sintra (Estação), via Tribunal;Sintra;Longa;237|25|68;437;Scotturb;Lote 1 - Noroeste;01/07/2022
1241;Almoçageme (Mercado) - Portela Sintra (Estação Norte);Sintra;Longa;237|25|68;441;Scotturb;Lote 1 - Noroeste;01/07/2022
1246;Fontanelas - Portela de Sintra (Estação Norte), via Casal da Granja;Sintra;Longa;237|25|68;442;Scotturb;Lote 1 - Noroeste;01/07/2022
1248;Portela Sintra (Estação Norte) - Praia Maçãs (Mercado);Sintra;Longa;237|25|68;442;Scotturb;Lote 1 - Noroeste;01/07/2022
1245;Catribana (Largo) - Portela Sintra (Estação Norte);Sintra;Longa;237|25|68;443;Scotturb;Lote 1 - Noroeste;01/07/2022
1249;Portela Sintra (Estação Norte) - Magoito (Praia);Sintra;Longa;237|25|68;444;Scotturb;Lote 1 - Noroeste;01/07/2022
1243;Casais Cabrela (Largo) - Portela Sintra (Estação Norte);Sintra;Longa;237|25|68;445;Scotturb;Lote 1 - Noroeste;01/07/2022
1632;Carvalhal (Largo) - Portela Sintra (Estação Norte);Mafra, Sintra;Longa;237|25|68;445;Scotturb;Lote 1 - Noroeste;01/07/2022
1234;São Pedro Sintra (Chão Meninos) - Mira Sintra (Junta Freguesia);Sintra;Longa;237|25|68;446;Scotturb;Lote 1 - Noroeste;01/07/2022
1208;Almargem Bispo (Cemitério) - Portela Sintra (Estação Norte);Sintra;Longa;237|25|68;447;Scotturb;Lote 1 - Noroeste;01/07/2022
1235;Covas Ferro - Mercês (Estação Norte);Sintra;Longa;237|25|68;447;Scotturb;Lote 1 - Noroeste;01/07/2022
1223;Cacém (Estação) - Portela Sintra (Estação Sul);Sintra;Longa;237|25|68;448;Scotturb;Lote 1 - Noroeste;01/07/2022
1210;Bairro Fitares - Mem Martins (Esc Secundária);Sintra;Próxima;61|133|198;450;Scotturb;Lote 1 - Noroeste;01/07/2022
1625;Cascais (Terminal) - Rio De Mouro (Estação Sul);Cascais, Sintra;Longa;237|25|68;455;Scotturb;Lote 1 - Noroeste;01/07/2022
1627;CascaiShopping (Terminal) - Rio De Mouro (Estação Sul);Cascais, Sintra;Longa;237|25|68;456;Scotturb;Lote 1 - Noroeste;01/07/2022
1628;Estoril (Estação) - Rio De Mouro (Estação Sul), via Amoreira;Cascais, Sintra;Longa;237|25|68;456;Scotturb;Lote 1 - Noroeste;01/07/2022
1631;Estoril (Estação) - Rio De Mouro (Estação Sul);Cascais, Sintra;Longa;237|25|68;456;Scotturb;Lote 1 - Noroeste;01/07/2022
1205;Algueirão-Mem Martins (Estação) - Mem Martins (Esc Secundária);Sintra;Próxima;61|133|198;458;Scotturb;Lote 1 - Noroeste;01/07/2022
1202;Alegro Sintra, via Mem Martins| Circular;Sintra;Longa;237|25|68;460;Scotturb;Lote 1 - Noroeste;01/07/2022
1251;Portela Sintra (Estação Sul) - Rio De Mouro (Estação Sul); ;Longa;237|25|68;460;Scotturb;Lote 1 - Noroeste;01/07/2022
1613;Cacém (Estação) - Oeiras (Estação Sul), via Trajouce;Cascais, Oeiras, Sintra;Longa;237|25|68;463;Scotturb;Lote 1 - Noroeste;01/07/2022
1622;Cacém (Estação) - Carcavelos (Estação), via Trajouce;Cascais, Sintra;Longa;237|25|68;463;Scotturb;Lote 1 - Noroeste;01/07/2022
1614;Carcavelos (Estação) - Portela Sintra (Estação Sul);Cascais, Oeiras, Sintra;Longa;237|25|68;467;Scotturb;Lote 1 - Noroeste;01/07/2022
1615;Carcavelos (Estação) - Rio De Mouro (Estação Sul);Cascais, Oeiras, Sintra;Longa;237|25|68;468;Scotturb;Lote 1 - Noroeste;01/07/2022
1608;Oeiras (Estação Norte) - Taguspark (Rotunda Sef);Cascais, Oeiras;Longa;237|25|68;470;Scotturb;Lote 1 - Noroeste;01/07/2022
1609;Oeiras (Estação Norte) - Talaíde (Igreja);Cascais, Oeiras;Longa;237|25|68;470;Scotturb;Lote 1 - Noroeste;01/07/2022
1638;Oeiras (Estação Norte) - Parede (Terminal);Oeiras, Cascais;Longa;237|25|68;489;Scotturb;Lote 1 - Noroeste;01/07/2022
1723;Carnaxide (Av Portugal) - Marquês Pombal (Metro);Lisboa, Oeiras;Longa;237|25|68;jul/13;Vimeca / Lisboa Transportes;Lote 1 - Noroeste;01/07/2022
1006;Amadora (Estação Norte) - UBBO | noturna;Amadora;Longa;237|25|68;118 (Adaptado);Vimeca / Lisboa Transportes;Lote 1 - Noroeste;01/07/2022
1230;Monte Abraão (Estação) | Circular;Sintra;Próxima;61|133|198;130/131;Vimeca / Lisboa Transportes;Lote 1 - Noroeste;01/07/2022
1005;Amadora (Estação Norte) - UBBO;Amadora;Longa;237|25|68;137 (Adaptado);Vimeca / Lisboa Transportes;Lote 1 - Noroeste;01/07/2022
1729;Marquês Pombal (Metro) - Queluz Baixo (Centro Comercial);Lisboa, Oeiras;Longa;237|25|68;13D;Vimeca / Lisboa Transportes;Lote 1 - Noroeste;01/07/2022
1215;Cacém (Estação) - via Encosta S. Marcos | Circular;Sintra;Longa;237|25|68;140/170B;Vimeca / Lisboa Transportes;Lote 1 - Noroeste;01/07/2022
1220;Cacém (Estação) - via S. Marcos (Largo) | Circular;Sintra;Longa;237|25|68;140/170B;Vimeca / Lisboa Transportes;Lote 1 - Noroeste;01/07/2022
1225;Cacém (Estação), Via Enc. S. Marcos, Univ Católica e Bela Vista | Circular;Sintra;Longa;237|25|68;140/170B;Vimeca / Lisboa Transportes;Lote 1 - Noroeste;01/07/2022
1233;Cacém (Estação), Via Bela Vista, Univ Católica e Enc. S. Marcos| Circular;Sintra;Longa;237|25|68;140/170B;Vimeca / Lisboa Transportes;Lote 1 - Noroeste;01/07/2022
1514;Amadora (Hospital), via Alfornelos| Circular;Amadora, Sintra;Longa;237|25|68;154/155 (Adaptado);Vimeca / Lisboa Transportes;Lote 1 - Noroeste;01/07/2022
1011;Brandoa (Largo) - Reboleira (Metro) | Circular;Amadora;Longa;237|25|68;168 (Adaptado);Vimeca / Lisboa Transportes;Lote 1 - Noroeste;01/07/2022
1510;Amadora (Hospital) - Damaia De Baixo (Pavilhão Desportivo);Amadora, Sintra;Próxima;61|133|198;186 (Adaptado);Vimeca / Lisboa Transportes;Lote 1 - Noroeste;01/07/2022
1709;Caneças (Largo Jardim) - Lisboa (Colégio Militar);Amadora, Lisboa, Odivelas, Sintra;Longa;237|25|68;210/231;Rodoviária de Lisboa;Lote 1 - Noroeste;01/07/2022
1236;Alegro Sintra - Queluz - Belas (Estação);Sintra;Longa;237|25|68;24F;Vimeca / Lisboa Transportes;Lote 1 - Noroeste;01/07/2022
1003;Amadora (Estação Norte) - Amadora Este (Metro);Amadora;Longa;237|25|68;26 (Adaptado);Vimeca / Lisboa Transportes;Lote 1 - Noroeste;01/07/2022
1253;Sintra (Estação), via Cabo da Roca | Circular;Sintra;Longa;237|25|68;403 (Adaptado);Scotturb;Lote 1 - Noroeste;01/07/2022
1626;CascaiShopping (Terminal) - Portela Sintra (Estação Sul);Cascais, Sintra;Longa;237|25|68;417/418;Scotturb;Lote 1 - Noroeste;01/07/2022
1250;Portela Sintra (Estação Norte) - Praia Grande;Sintra;Longa;237|25|68;439 (Adaptado);Scotturb;Lote 1 - Noroeste;01/07/2022
1247;Fontanelas - Portela de Sintra (Estação), via Janas;Sintra;Longa;237|25|68;440 (Adaptado);Scotturb;Lote 1 - Noroeste;01/07/2022
1254;Portela Sintra (Estação Norte) - Magoito (Praia);Sintra;Longa;237|25|68;441 (Adaptado);Scotturb;Lote 1 - Noroeste;01/07/2022
1231;Mem Martins (Esc. Ferreira Castro) - Coutinho Afonso;Sintra;Longa;237|25|68;447 (adaptada);Scotturb;Lote 1 - Noroeste;01/07/2022
1604;Carcavelos (Estação) - Parede (Terminal);Cascais, Oeiras;Longa;237|25|68;471/ 479;Scotturb;Lote 1 - Noroeste;01/07/2022
1111;Barcarena | Circular;Oeiras;Longa;237|25|68;COMBUS Barcarena;CM Oeiras;Lote 1 - Noroeste;01/07/2022
1109;Carnaxide, via Outurela | Circular;Oeiras;Próxima;61|133|198;COMBUS Carnaxide;CM Oeiras;Lote 1 - Noroeste;01/07/2022
1102;Cruz Quebrada (Piscinas) - Algés Junça (Centro Comercial);Oeiras;Longa;237|25|68;COMBUS Cruz Quebrada;CM Oeiras;Lote 1 - Noroeste;01/07/2022
1121;Oeiras | Circular;Oeiras;Longa;237|25|68;COMBUS Oeiras;CM Oeiras;Lote 1 - Noroeste;01/07/2022
1122;B Joaquim Matias - Caxias (Ped Italiana);Oeiras;Longa;237|25|68;COMBUS Paço de Arcos;CM Oeiras;Lote 1 - Noroeste;01/07/2022
1125;Porto Salvo | Circular;Oeiras;Longa;237|25|68;COMBUS Porto Salvo;CM Oeiras;Lote 1 - Noroeste;01/07/2022
1110;Carnaxide, via Queijas | Circular;Oeiras;Longa;237|25|68;COMBUS Queijas;CM Oeiras;Lote 1 - Noroeste;01/07/2022
1001;Alfragide (Estrada do Seminario) - Reboleira (Estação);Amadora;Longa;237|25|68;Nova;Nova;Lote 1 - Noroeste;01/07/2022
1002;Alfragide (Igreja) - Amadora (Estação Norte);Amadora;Longa;237|25|68;Nova;Nova;Lote 1 - Noroeste;01/07/2022
1008;Amadora Este (Metro) | Circular;Amadora;Próxima;61|133|198;Nova;Nova;Lote 1 - Noroeste;01/07/2022
1009;Amadora (Hospital),Via Mina e Venteira | Circular ;Amadora;Próxima;61|133|198;Nova;Nova;Lote 1 - Noroeste;01/07/2022
1010;Brandoa (Pólo Escolar) - Casal da Mira;Amadora;Longa;237|25|68;Nova;Nova;Lote 1 - Noroeste;01/07/2022
1012;Brandoa (Largo) | Circular;Amadora;Próxima;61|133|198;Nova;Nova;Lote 1 - Noroeste;01/07/2022
1013;Amadora (Cemitério) - Atalaia (Esc Secundária), via Casas do Lago;Amadora;Longa;237|25|68;Nova;Nova;Lote 1 - Noroeste;01/07/2022
1014;Amadora (Cemitério) - Vila Chã, via Casas do Lago;Amadora;Longa;237|25|68;Nova;Nova;Lote 1 - Noroeste;01/07/2022
1015;Reboleira (Estação), Via Damaia | Circular ;Amadora;Próxima;61|133|198;Nova;Nova;Lote 1 - Noroeste;01/07/2022
1228;Massamá-Barcarena (Estação Norte), via Belas | Circular;Sintra;Longa;237|25|68;Nova;Nova;Lote 1 - Noroeste;01/07/2022
1232;Rio de Mouro (Estação), via Mem Martins | Circular;Sintra;Longa;237|25|68;Nova;Nova;Lote 1 - Noroeste;01/07/2022
1242;Casais Cabrela (Largo) - Almoçageme (Mercado);Sintra;Longa;237|25|68;Nova;Nova;Lote 1 - Noroeste;01/07/2022
1244;Casal de Cambra (Escola) - Portela Sintra (Estação Norte);Sintra;Longa;237|25|68;Nova;Nova;Lote 1 - Noroeste;01/07/2022
1501;Reboleira (Estação), via ZI Alfragide | Circular;Amadora, Oeiras;Próxima;61|133|198;Nova;Nova;Lote 1 - Noroeste;01/07/2022
1506;Amadora (Hospital), via Alfragide e Damaia| Circular;Amadora, Oeiras;Longa;237|25|68;Nova;Nova;Lote 1 - Noroeste;01/07/2022
1509;Amadora (Hospital) - Casal de Cambra (C. Saúde);Amadora, Sintra;Longa;237|25|68;Nova;Nova;Lote 1 - Noroeste;01/07/2022
1516;Casal de Cambra (Igreja) - Monte Abraão (Estação);Amadora, Sintra;Longa;237|25|68;Nova;Nova;Lote 1 - Noroeste;01/07/2022
1520;Algés (Terminal) - Cacém (Estação);Oeiras, Sintra;Longa;237|25|68;Nova;Nova;Lote 1 - Noroeste;01/07/2022
1521;Algés (Terminal) - Cacém (Estação), via A5;Oeiras, Sintra;Longa;237|25|68;Nova;Nova;Lote 1 - Noroeste;01/07/2022
1605;Carnaxide (Av. João Paulo II) - Carcavelos (Nova SBE), via A5;Cascais, Oeiras;Longa;237|25|68;Nova;Nova;Lote 1 - Noroeste;01/07/2022
1606;Carnaxide (Av. João Paulo II) - Carcavelos (Nova SBE), via Terrugem;Cascais, Oeiras;Longa;237|25|68;Nova;Nova;Lote 1 - Noroeste;01/07/2022
1612;Cacém (Estação) - Carcavelos (Estação);Cascais, Oeiras, Sintra;Longa;237|25|68;Nova;Nova;Lote 1 - Noroeste;01/07/2022
1719;Casal de Cambra - Colégio Militar (Metro) ;Amadora, Lisboa, Sintra;Longa;237|25|68;Nova;Nova;Lote 1 - Noroeste;01/07/2022
1731;Cacém (Estação) - Hospital São Francisco Xavier;Lisboa, Oeiras, Sintra;Longa;237|25|68;Nova;Nova;Lote 1 - Noroeste;01/07/2022
;;;;;;;;
;;;;;;;;
;;;;;;;;
;;;;;;;;
;;;;;;;;
;;;;;;;;
;;;;;;;;
;;;;;;;;
;;;;;;;;
;;;;;;;;
;;;;;;;;
;;;;;;;;
;;;;;;;;
;;;;;;;;
;;;;;;;;
;;;;;;;;
;; ;;;;;;
