line_id,line_name,municipalities,fare,fare_color,old_line_id,old_operator,old_operator_code,area,start_date
1101,Alfragide (Centro Comercial) - Algés (Terminal),Oeiras,Longa,250|50|80,1,Vimeca / Lisboa Transportes,VM,Lote 1 - Noroeste,01/07/2022
1101,Alfragide (Centro Comercial) - Algés (Terminal),Oeiras,Longa,250|50|80,2,Vimeca / Lisboa Transportes,VM,Lote 1 - Noroeste,01/07/2022
1504,"Algés (Terminal) - Bairro Zambujal, via Linda-a-Velha","Amadora, Oeiras",Longa,250|50|80,1,Vimeca / Lisboa Transportes,VM,Lote 1 - Noroeste,01/07/2022
1722,Alfragide (Centro Comercial) - Hospital São Francisco Xavier,"Lisboa, Oeiras",Longa,250|50|80,1,Vimeca / Lisboa Transportes,VM,Lote 1 - Noroeste,01/07/2022
1103,Algés (Terminal) - Queijas (PSP),Oeiras,Longa,250|50|80,2,Vimeca / Lisboa Transportes,VM,Lote 1 - Noroeste,01/07/2022
1107,"Algés (Terminal) - Queluz Baixo, via Queijas",Oeiras,Longa,250|50|80,2,Vimeca / Lisboa Transportes,VM,Lote 1 - Noroeste,01/07/2022
1106,"Algés (Terminal) - Queluz Baixo, via Jamor",Oeiras,Longa,250|50|80,6,Vimeca / Lisboa Transportes,VM,Lote 1 - Noroeste,01/07/2022
1503,"Algés (Terminal) - Bairro Zambujal, via Miraflores","Amadora, Oeiras",Longa,250|50|80,10,Vimeca / Lisboa Transportes,VM,Lote 1 - Noroeste,01/07/2022
1724,Linda-a-Velha - Marquês Pombal (Metro),"Lisboa, Oeiras",Longa,250|50|80,11,Vimeca / Lisboa Transportes,VM,Lote 1 - Noroeste,01/07/2022
1105,Algés (Terminal) - Queluz Baixo (Centro Comercial),Oeiras,Longa,250|50|80,12,Vimeca / Lisboa Transportes,VM,Lote 1 - Noroeste,01/07/2022
1522,Algés (Terminal) - Monte Abraão (Estação),"Oeiras, Sintra",Longa,250|50|80,12,Vimeca / Lisboa Transportes,VM,Lote 1 - Noroeste,01/07/2022
1726,Marquês Pombal (Metro)- Queijas (PSP),"Lisboa, Oeiras",Longa,250|50|80,13,Vimeca / Lisboa Transportes,VM,Lote 1 - Noroeste,01/07/2022
1728,"Marquês Pombal (Metro) - Queijas (PSP), via Linda-a-Velha","Lisboa, Oeiras",Longa,250|50|80,13,Vimeca / Lisboa Transportes,VM,Lote 1 - Noroeste,01/07/2022
1730,"Marquês Pombal (Metro) - Queluz Baixo (Centro Comercial), via Linda-a-Velha","Lisboa, Oeiras",Longa,250|50|80,13,Vimeca / Lisboa Transportes,VM,Lote 1 - Noroeste,01/07/2022
1733,"Marquês Pombal (Metro) - São Marcos, via Queijas","Lisboa, Oeiras, Sintra",Longa,250|50|80,15,Vimeca / Lisboa Transportes,VM,Lote 1 - Noroeste,01/07/2022
1712,Algés (Terminal) - Amadora (Estação Sul),"Amadora, Lisboa, Oeiras",Longa,250|50|80,20,Vimeca / Lisboa Transportes,VM,Lote 1 - Noroeste,01/07/2022
1216,"Casal do Cotão | Circular, via Tercena e São Marcos",Sintra,Próxima,80|115|255,22,Vimeca / Lisboa Transportes,VM,Lote 1 - Noroeste,01/07/2022
1524,"Casal do Cotão, via Taguspark | Circular","Oeiras, Sintra",Próxima,80|115|255,23,Vimeca / Lisboa Transportes,VM,Lote 1 - Noroeste,01/07/2022
1226,Massamá (Casal Olival) - Queluz - Belas (Estação),Sintra,Próxima,80|115|255,24,Vimeca / Lisboa Transportes,VM,Lote 1 - Noroeste,01/07/2022
1513,"Amadora (Hospital), via Queluz | Circular","Amadora, Sintra",Próxima,80|115|255,25,Vimeca / Lisboa Transportes,VM,Lote 1 - Noroeste,01/07/2022
1717,"Colégio Militar (Metro) - Tercena, via Amadora Este (Metro)","Amadora, Lisboa, Oeiras, Sintra",Longa,250|50|80,101,Vimeca / Lisboa Transportes,VM,Lote 1 - Noroeste,01/07/2022
1527,Cruz Quebrada (Estação) - Queluz (Estação),"Oeiras, Sintra",Longa,250|50|80,102,Vimeca / Lisboa Transportes,VM,Lote 1 - Noroeste,01/07/2022
1512,Amadora (Hospital) - Montelavar (Largo),"Amadora, Sintra",Longa,250|50|80,103,Vimeca / Lisboa Transportes,VM,Lote 1 - Noroeste,01/07/2022
1508,Almargem Bispo (Centro Saúde) - Amadora Este (Metro),"Amadora, Sintra",Longa,250|50|80,104,Vimeca / Lisboa Transportes,VM,Lote 1 - Noroeste,01/07/2022
1518,Monte Abraão (Pavilhão Desportivo) - Reboleira (Metro),"Amadora, Sintra",Longa,250|50|80,105,Vimeca / Lisboa Transportes,VM,Lote 1 - Noroeste,01/07/2022
1530,Oeiras (Estação Norte) - Queluz (4 Caminhos),"Oeiras, Sintra",Longa,250|50|80,106,Vimeca / Lisboa Transportes,VM,Lote 1 - Noroeste,01/07/2022
1601,Amadora Este (Metro) - Carcavelos (Praia),"Amadora, Cascais, Oeiras, Sintra",Longa,250|50|80,106,Vimeca / Lisboa Transportes,VM,Lote 1 - Noroeste,01/07/2022
1602,Carcavelos (Praia) - Queluz (4 Caminhos),"Amadora, Cascais, Oeiras, Sintra",Longa,250|50|80,106,Vimeca / Lisboa Transportes,VM,Lote 1 - Noroeste,01/07/2022
1716,Idanha (Urb Campinas) - Marquês Pombal (Metro),"Amadora, Lisboa, Oeiras, Sintra",Longa,250|50|80,107,Vimeca / Lisboa Transportes,VM,Lote 1 - Noroeste,01/07/2022
1112,Caxias (Estação) - Queijas (Psp),Oeiras,Longa,250|50|80,108,Vimeca / Lisboa Transportes,VM,Lote 1 - Noroeste,01/07/2022
1507,Caxias (Estação) - Reboleira (Metro),"Amadora, Oeiras",Longa,250|50|80,108,Vimeca / Lisboa Transportes,VM,Lote 1 - Noroeste,01/07/2022
1229,"Massamá-Barcarena (Estação Norte), via Quinta das Flores | Circular",Sintra,Próxima,80|115|255,110,Vimeca / Lisboa Transportes,VM,Lote 1 - Noroeste,01/07/2022
1120,Oeiras (Estação Norte) - Paço de Arcos (Estação Norte),Oeiras,Próxima,80|115|255,111,Vimeca / Lisboa Transportes,VM,Lote 1 - Noroeste,01/07/2022
1211,Belas (Samaritana) - Cacém (Estação),Sintra,Longa,250|50|80,112,Vimeca / Lisboa Transportes,VM,Lote 1 - Noroeste,01/07/2022
1523,Cacém (Estação) - Oeiras (Estação),"Oeiras, Sintra",Longa,250|50|80,112,Vimeca / Lisboa Transportes,VM,Lote 1 - Noroeste,01/07/2022
1714,Amadora (Estação Sul) - Belém (Estação),"Amadora, Lisboa, Oeiras",Longa,250|50|80,113,Vimeca / Lisboa Transportes,VM,Lote 1 - Noroeste,01/07/2022
1502,"Algés (Terminal) - Amadora (Estação Sul), via Linda-a-Velha","Amadora, Oeiras",Longa,250|50|80,114,Vimeca / Lisboa Transportes,VM,Lote 1 - Noroeste,01/07/2022
1725,Marquês Pombal (Metro) - Oeiras (Estação Norte),"Lisboa, Oeiras",Longa,250|50|80,115,Vimeca / Lisboa Transportes,VM,Lote 1 - Noroeste,01/07/2022
1124,Paço de Arcos | Circular,Oeiras,Próxima,80|115|255,116,Vimeca / Lisboa Transportes,VM,Lote 1 - Noroeste,01/07/2022
1525,Caxias (Estação) - Monte Abraão (Estação),"Oeiras, Sintra",Longa,250|50|80,117,Vimeca / Lisboa Transportes,VM,Lote 1 - Noroeste,01/07/2022
1526,Caxias (Est. Prisional) - Monte Abraão (Estação),"Oeiras, Sintra",Longa,250|50|80,117,Vimeca / Lisboa Transportes,VM,Lote 1 - Noroeste,01/07/2022
1119,Leceia (Sociedade) - Paço de Arcos (Estação Norte),Oeiras,Longa,250|50|80,119,Vimeca / Lisboa Transportes,VM,Lote 1 - Noroeste,01/07/2022
1531,Paço de Arcos (Estação Norte) - São Marcos (Rotunda),"Oeiras, Sintra",Longa,250|50|80,119,Vimeca / Lisboa Transportes,VM,Lote 1 - Noroeste,01/07/2022
1617,Paço de Arcos (Estação Norte) - Talaíde (Igreja),"Cascais, Oeiras, Sintra",Longa,250|50|80,119,Vimeca / Lisboa Transportes,VM,Lote 1 - Noroeste,01/07/2022
1529,Oeiras (Estação Norte) - Oeiras Golf Residence (Rotunda),"Oeiras, Sintra",Longa,250|50|80,122,Vimeca / Lisboa Transportes,VM,Lote 1 - Noroeste,01/07/2022
1634,Fonte Da Aranha - Montelavar (Largo),"Mafra, Sintra",Longa,250|50|80,124,Vimeca / Lisboa Transportes,VM,Lote 1 - Noroeste,01/07/2022
1610,Paço de Arcos (Estação Norte) - Talaíde (Campo Futebol),"Cascais, Oeiras",Longa,250|50|80,125,Vimeca / Lisboa Transportes,VM,Lote 1 - Noroeste,01/07/2022
1616,Paço de Arcos (Estação Norte) - Taguspark (Rotunda Sef),"Cascais, Oeiras, Sintra",Longa,250|50|80,125,Vimeca / Lisboa Transportes,VM,Lote 1 - Noroeste,01/07/2022
1221,"Cacém (Estação), via Lopas | Circular",Sintra,Próxima,80|115|255,126,Vimeca / Lisboa Transportes,VM,Lote 1 - Noroeste,01/07/2022
1706,"Colégio Militar (Metro) - Casal Mira (UBBO), via Brandoa","Amadora, Lisboa",Longa,250|50|80,128,Vimeca / Lisboa Transportes,VM,Lote 1 - Noroeste,01/07/2022
1123,Paço de Arcos (Estação Norte) - Porto Salvo (Lagoas Park),Oeiras,Longa,250|50|80,129,Vimeca / Lisboa Transportes,VM,Lote 1 - Noroeste,01/07/2022
1515,Amadora Este (Metro) - Casal de Cambra,"Amadora, Sintra",Longa,250|50|80,132,Vimeca / Lisboa Transportes,VM,Lote 1 - Noroeste,01/07/2022
1720,"Casal de Cambra - Colégio Militar (Metro) , via Amadora","Amadora, Lisboa, Sintra",Longa,250|50|80,132,Vimeca / Lisboa Transportes,VM,Lote 1 - Noroeste,01/07/2022
1603,Amadora (Estação Norte) - Caneças (Largo Vieira Caldas),"Amadora, Odivelas, Sintra",Longa,250|50|80,133,Vimeca / Lisboa Transportes,VM,Lote 1 - Noroeste,01/07/2022
1517,Casal de Cambra (C Rebentão) - Reboleira (Metro),"Amadora, Sintra",Longa,250|50|80,134,Vimeca / Lisboa Transportes,VM,Lote 1 - Noroeste,01/07/2022
1707,"Colégio Militar (Metro)  – Casal Mira (UBBO), via Amadora Este (Metro)","Amadora, Lisboa",Longa,250|50|80,142,Vimeca / Lisboa Transportes,VM,Lote 1 - Noroeste,01/07/2022
1007,Amadora (Estação Norte) | Circular madrugada,Amadora,Longa,250|50|80,143,Vimeca / Lisboa Transportes,VM,Lote 1 - Noroeste,01/07/2022
1703,Amadora (Estação Norte) - Pontinha (Metro),"Amadora, Lisboa",Longa,250|50|80,143,Vimeca / Lisboa Transportes,VM,Lote 1 - Noroeste,01/07/2022
1718,Grajal - Belém (Estação),"Amadora, Lisboa, Sintra",Longa,250|50|80,144,Vimeca / Lisboa Transportes,VM,Lote 1 - Noroeste,01/07/2022
1511,"Amadora (Hospital), via Monte Abraão (Estação) | Circular","Amadora, Sintra",Próxima,80|115|255,149,Vimeca / Lisboa Transportes,VM,Lote 1 - Noroeste,01/07/2022
1715,Belém (Estação) - Mira Sintra (Mercado),"Amadora, Lisboa, Oeiras, Sintra",Longa,250|50|80,149,Vimeca / Lisboa Transportes,VM,Lote 1 - Noroeste,01/07/2022
1213,B Joaquim Fontes (Centro Comercial) - Cacém (Estação),Sintra,Longa,250|50|80,150,Vimeca / Lisboa Transportes,VM,Lote 1 - Noroeste,01/07/2022
1218,"Cacém (Estação) - Mira Sintra (Mercado), via Av Bomb Vol",Sintra,Longa,250|50|80,151,Vimeca / Lisboa Transportes,VM,Lote 1 - Noroeste,01/07/2022
1219,"Cacém (Estação) - Mira Sintra (Mercado), via Av Santa Maria",Sintra,Longa,250|50|80,151,Vimeca / Lisboa Transportes,VM,Lote 1 - Noroeste,01/07/2022
1204,"Alegro Sintra, via B Fitares| Circular",Sintra,Próxima,80|115|255,152,Vimeca / Lisboa Transportes,VM,Lote 1 - Noroeste,01/07/2022
1519,Queluz (Palácio) - Serra da Silveira,"Amadora, Sintra",Longa,250|50|80,157,Vimeca / Lisboa Transportes,VM,Lote 1 - Noroeste,01/07/2022
1115,Caxias (Ped Italiana) - Lage (Centro),Oeiras,Longa,250|50|80,158,Vimeca / Lisboa Transportes,VM,Lote 1 - Noroeste,01/07/2022
1117,Caxias (Qta Moura) - Lage (Centro),Oeiras,Longa,250|50|80,158,Vimeca / Lisboa Transportes,VM,Lote 1 - Noroeste,01/07/2022
1209,Bairro da Felosa - Mira Sintra (Mercado),Sintra,Longa,250|50|80,160,Vimeca / Lisboa Transportes,VM,Lote 1 - Noroeste,01/07/2022
1222,"Cacém (Estação), via Bairro Joaquim Fontes | Circular",Sintra,Próxima,80|115|255,161,Vimeca / Lisboa Transportes,VM,Lote 1 - Noroeste,01/07/2022
1713,Algés (Terminal) - Amadora Este (Metro),"Amadora, Lisboa, Oeiras",Longa,250|50|80,162,Vimeca / Lisboa Transportes,VM,Lote 1 - Noroeste,01/07/2022
1227,Massamá (Casal Olival) - Queluz (4 Caminhos),Sintra,Longa,250|50|80,163,Vimeca / Lisboa Transportes,VM,Lote 1 - Noroeste,01/07/2022
1721,"Colégio Militar (Metro)  - Massamá (Casal do Olival), via Amadora Este (Metro)","Amadora, Lisboa, Sintra",Longa,250|50|80,163,Vimeca / Lisboa Transportes,VM,Lote 1 - Noroeste,01/07/2022
1224,Carregueira (Estabelecimento prisional) - Monte Abraão (Estação),Sintra,Longa,250|50|80,164,Vimeca / Lisboa Transportes,VM,Lote 1 - Noroeste,01/07/2022
1708,"Casal Mira (UBBO), via Colégio Militar (Metro) | Circular","Amadora, Lisboa",Longa,250|50|80,165,Vimeca / Lisboa Transportes,VM,Lote 1 - Noroeste,01/07/2022
1217,Cacém (Estação) - Massamá (Urbanização Norte),Sintra,Longa,250|50|80,170,Vimeca / Lisboa Transportes,VM,Lote 1 - Noroeste,01/07/2022
1528,Linda-A-Velha (Esc Secundária) - Queluz - Belas (Estação),"Oeiras, Sintra",Longa,250|50|80,171,Vimeca / Lisboa Transportes,VM,Lote 1 - Noroeste,01/07/2022
1212,Venda Seca - Queluz (Estação),Sintra,Longa,250|50|80,179,Vimeca / Lisboa Transportes,VM,Lote 1 - Noroeste,01/07/2022
1611,"Paço de Arcos (Estação Norte) - Talaíde (Campo Futebol), via Vila Fria","Cascais, Oeiras",Longa,250|50|80,184,Vimeca / Lisboa Transportes,VM,Lote 1 - Noroeste,01/07/2022
1704,Amadora (Hospital) -Marquês Pombal (Metro),"Amadora, Lisboa",Longa,250|50|80,185,Vimeca / Lisboa Transportes,VM,Lote 1 - Noroeste,01/07/2022
1633,Ericeira (Terminal) - Portela de Sintra (Estação Norte),"Mafra, Sintra",Longa,250|50|80,202,Barraqueiro Transportes,BT,Lote 1 - Noroeste,01/07/2022
1710,Caneças (Largo Jardim) - Pontinha (Metro),"Amadora, Lisboa, Odivelas, Sintra",Longa,250|50|80,210,Rodoviária de Lisboa,RL,Lote 1 - Noroeste,01/07/2022
1636,Caneças (B Maria Teresa) - D Maria (Igreja),"Odivelas, Sintra",Longa,250|50|80,220,Rodoviária de Lisboa,RL,Lote 1 - Noroeste,01/07/2022
1637,Casal de Cambra - Vale Lobos (Largo),"Odivelas, Sintra",Longa,250|50|80,220,Rodoviária de Lisboa,RL,Lote 1 - Noroeste,01/07/2022
1635,Almargem Bispo (Centro Saúde) - Caneças (Largo Vieira Caldas),"Odivelas, Sintra",Longa,250|50|80,221,Rodoviária de Lisboa,RL,Lote 1 - Noroeste,01/07/2022
1711,Caneças (Esc Secundária) - Pontinha (Metro),"Amadora, Lisboa, Odivelas, Sintra",Longa,250|50|80,224,Rodoviária de Lisboa,RL,Lote 1 - Noroeste,01/07/2022
1201,Terrugem (Escola) | Circular,Sintra,Próxima,80|115|255,253,Barraqueiro Transportes,BT,Lote 1 - Noroeste,01/07/2022
1255,Rebanque - Portela Sintra (Estação Norte),Sintra,Longa,250|50|80,254,Barraqueiro Transportes,BT,Lote 1 - Noroeste,01/07/2022
1240,Negrais (Soc Recreativa) - Portela Sintra (Estação Norte),Sintra,Longa,250|50|80,255,Barraqueiro Transportes,BT,Lote 1 - Noroeste,01/07/2022
1624,"Cascais (Terminal) - Portela de Sintra (Estação Norte), via Azóia e Almoçageme","Cascais, Sintra",Longa,250|50|80,403,Scotturb,SU,Lote 1 - Noroeste,01/07/2022
1623,Cascais (Terminal) - Portela Sintra (Estação Sul),"Cascais, Sintra",Longa,250|50|80,417,Scotturb,SU,Lote 1 - Noroeste,01/07/2022
1629,Estoril (Estação) - Portela Sintra (Estação Sul),"Cascais, Sintra",Longa,250|50|80,418,Scotturb,SU,Lote 1 - Noroeste,01/07/2022
1630,"Estoril (Estação) - Portela Sintra (Estação Sul), via Monte Estoril","Cascais, Sintra",Longa,250|50|80,418,Scotturb,SU,Lote 1 - Noroeste,01/07/2022
1252,Portela Sintra (Estação Sul) | Circular,Sintra,Próxima,80|115|255,433,Scotturb,SU,Lote 1 - Noroeste,01/07/2022
1206,"Algueirão-Mem Martins (Estação) - Portela de Sintra (Estação), via Tribunal",Sintra,Longa,250|50|80,437,Scotturb,SU,Lote 1 - Noroeste,01/07/2022
1241,Almoçageme (Mercado) - Portela Sintra (Estação Norte),Sintra,Longa,250|50|80,441,Scotturb,SU,Lote 1 - Noroeste,01/07/2022
1246,"Fontanelas - Portela de Sintra (Estação Norte), via Casal da Granja",Sintra,Longa,250|50|80,442,Scotturb,SU,Lote 1 - Noroeste,01/07/2022
1248,Portela Sintra (Estação Norte) - Praia Maçãs (Mercado),Sintra,Longa,250|50|80,442,Scotturb,SU,Lote 1 - Noroeste,01/07/2022
1245,Catribana (Largo) - Portela Sintra (Estação Norte),Sintra,Longa,250|50|80,443,Scotturb,SU,Lote 1 - Noroeste,01/07/2022
1249,Portela Sintra (Estação Norte) - Magoito (Praia),Sintra,Longa,250|50|80,444,Scotturb,SU,Lote 1 - Noroeste,01/07/2022
1243,Casais Cabrela (Largo) - Portela Sintra (Estação Norte),Sintra,Longa,250|50|80,445,Scotturb,SU,Lote 1 - Noroeste,01/07/2022
1632,Carvalhal (Largo) - Portela Sintra (Estação Norte),"Mafra, Sintra",Longa,250|50|80,445,Scotturb,SU,Lote 1 - Noroeste,01/07/2022
1234,São Pedro Sintra (Chão Meninos) - Mira Sintra (Junta Freguesia),Sintra,Longa,250|50|80,446,Scotturb,SU,Lote 1 - Noroeste,01/07/2022
1208,Almargem Bispo (Cemitério) - Portela Sintra (Estação Norte),Sintra,Longa,250|50|80,447,Scotturb,SU,Lote 1 - Noroeste,01/07/2022
1235,Covas Ferro - Mercês (Estação Norte),Sintra,Longa,250|50|80,447,Scotturb,SU,Lote 1 - Noroeste,01/07/2022
1223,Cacém (Estação) - Portela Sintra (Estação Sul),Sintra,Longa,250|50|80,448,Scotturb,SU,Lote 1 - Noroeste,01/07/2022
1210,Bairro Fitares - Mem Martins (Esc Secundária),Sintra,Próxima,80|115|255,450,Scotturb,SU,Lote 1 - Noroeste,01/07/2022
1625,Cascais (Terminal) - Rio De Mouro (Estação Sul),"Cascais, Sintra",Longa,250|50|80,455,Scotturb,SU,Lote 1 - Noroeste,01/07/2022
1627,CascaiShopping (Terminal) - Rio De Mouro (Estação Sul),"Cascais, Sintra",Longa,250|50|80,456,Scotturb,SU,Lote 1 - Noroeste,01/07/2022
1628,"Estoril (Estação) - Rio De Mouro (Estação Sul), via Amoreira","Cascais, Sintra",Longa,250|50|80,456,Scotturb,SU,Lote 1 - Noroeste,01/07/2022
1631,Estoril (Estação) - Rio De Mouro (Estação Sul),"Cascais, Sintra",Longa,250|50|80,456,Scotturb,SU,Lote 1 - Noroeste,01/07/2022
1205,Algueirão-Mem Martins (Estação) - Mem Martins (Esc Secundária),Sintra,Próxima,80|115|255,458,Scotturb,SU,Lote 1 - Noroeste,01/07/2022
1202,"Alegro Sintra, via Mem Martins| Circular",Sintra,Longa,250|50|80,460,Scotturb,SU,Lote 1 - Noroeste,01/07/2022
1251,Portela Sintra (Estação Sul) - Rio De Mouro (Estação Sul),,Longa,250|50|80,460,Scotturb,SU,Lote 1 - Noroeste,01/07/2022
1613,"Cacém (Estação) - Oeiras (Estação Sul), via Trajouce","Cascais, Oeiras, Sintra",Longa,250|50|80,463,Scotturb,SU,Lote 1 - Noroeste,01/07/2022
1622,"Cacém (Estação) - Carcavelos (Estação), via Trajouce","Cascais, Sintra",Longa,250|50|80,463,Scotturb,SU,Lote 1 - Noroeste,01/07/2022
1614,Carcavelos (Estação) - Portela Sintra (Estação Sul),"Cascais, Oeiras, Sintra",Longa,250|50|80,467,Scotturb,SU,Lote 1 - Noroeste,01/07/2022
1615,Carcavelos (Estação) - Rio De Mouro (Estação Sul),"Cascais, Oeiras, Sintra",Longa,250|50|80,468,Scotturb,SU,Lote 1 - Noroeste,01/07/2022
1608,Oeiras (Estação Norte) - Taguspark (Rotunda Sef),"Cascais, Oeiras",Longa,250|50|80,470,Scotturb,SU,Lote 1 - Noroeste,01/07/2022
1609,Oeiras (Estação Norte) - Talaíde (Igreja),"Cascais, Oeiras",Longa,250|50|80,470,Scotturb,SU,Lote 1 - Noroeste,01/07/2022
1638,Oeiras (Estação Norte) - Parede (Terminal),"Oeiras, Cascais",Longa,250|50|80,489,Scotturb,SU,Lote 1 - Noroeste,01/07/2022
1723,Carnaxide (Av Portugal) - Marquês Pombal (Metro),"Lisboa, Oeiras",Longa,250|50|80,,Vimeca / Lisboa Transportes,VM,Lote 1 - Noroeste,01/07/2022
1006,Amadora (Estação Norte) - UBBO | noturna,Amadora,Longa,250|50|80,118 (Adaptado),Vimeca / Lisboa Transportes,VM,Lote 1 - Noroeste,01/07/2022
1230,Monte Abraão (Estação) | Circular,Sintra,Próxima,80|115|255,130,Vimeca / Lisboa Transportes,VM,Lote 1 - Noroeste,01/07/2022
1230,Monte Abraão (Estação) | Circular,Sintra,Próxima,80|115|255,131,Vimeca / Lisboa Transportes,VM,Lote 1 - Noroeste,01/07/2022
1005,Amadora (Estação Norte) - UBBO,Amadora,Longa,250|50|80,137 (Adaptado),Vimeca / Lisboa Transportes,VM,Lote 1 - Noroeste,01/07/2022
1729,Marquês Pombal (Metro) - Queluz Baixo (Centro Comercial),"Lisboa, Oeiras",Longa,250|50|80,13D,Vimeca / Lisboa Transportes,VM,Lote 1 - Noroeste,01/07/2022
1215,Cacém (Estação) - via Encosta S. Marcos | Circular,Sintra,Longa,250|50|80,140/170B,Vimeca / Lisboa Transportes,VM,Lote 1 - Noroeste,01/07/2022
1220,Cacém (Estação) - via S. Marcos (Largo) | Circular,Sintra,Longa,250|50|80,140/170B,Vimeca / Lisboa Transportes,VM,Lote 1 - Noroeste,01/07/2022
1225,"Cacém (Estação), Via Enc. S. Marcos, Univ Católica e Bela Vista | Circular",Sintra,Longa,250|50|80,140/170B,Vimeca / Lisboa Transportes,VM,Lote 1 - Noroeste,01/07/2022
1233,"Cacém (Estação), Via Bela Vista, Univ Católica e Enc. S. Marcos| Circular",Sintra,Longa,250|50|80,140/170B,Vimeca / Lisboa Transportes,VM,Lote 1 - Noroeste,01/07/2022
1514,"Amadora (Hospital), via Alfornelos| Circular","Amadora, Sintra",Longa,250|50|80,154/155 (Adaptado),Vimeca / Lisboa Transportes,VM,Lote 1 - Noroeste,01/07/2022
1011,Brandoa (Largo) - Reboleira (Metro) | Circular,Amadora,Longa,250|50|80,168 (Adaptado),Vimeca / Lisboa Transportes,VM,Lote 1 - Noroeste,01/07/2022
1510,Amadora (Hospital) - Damaia De Baixo (Pavilhão Desportivo),"Amadora, Sintra",Próxima,80|115|255,186 (Adaptado),Vimeca / Lisboa Transportes,VM,Lote 1 - Noroeste,01/07/2022
1709,Caneças (Largo Jardim) - Lisboa (Colégio Militar),"Amadora, Lisboa, Odivelas, Sintra",Longa,250|50|80,210/231,Rodoviária de Lisboa,RL,Lote 1 - Noroeste,01/07/2022
1236,Alegro Sintra - Queluz - Belas (Estação),Sintra,Longa,250|50|80,24F,Vimeca / Lisboa Transportes,VM,Lote 1 - Noroeste,01/07/2022
1003,Amadora (Estação Norte) - Amadora Este (Metro),Amadora,Longa,250|50|80,26 (Adaptado),Vimeca / Lisboa Transportes,VM,Lote 1 - Noroeste,01/07/2022
1253,"Sintra (Estação), via Cabo da Roca | Circular",Sintra,Longa,250|50|80,403 (Adaptado),Scotturb,SU,Lote 1 - Noroeste,01/07/2022
1626,CascaiShopping (Terminal) - Portela Sintra (Estação Sul),"Cascais, Sintra",Longa,250|50|80,417/418,Scotturb,SU,Lote 1 - Noroeste,01/07/2022
1250,Portela Sintra (Estação Norte) - Praia Grande,Sintra,Longa,250|50|80,439 (Adaptado),Scotturb,SU,Lote 1 - Noroeste,01/07/2022
1247,"Fontanelas - Portela de Sintra (Estação), via Janas",Sintra,Longa,250|50|80,440 (Adaptado),Scotturb,SU,Lote 1 - Noroeste,01/07/2022
1254,Portela Sintra (Estação Norte) - Magoito (Praia),Sintra,Longa,250|50|80,441 (Adaptado),Scotturb,SU,Lote 1 - Noroeste,01/07/2022
1231,Mem Martins (Esc. Ferreira Castro) - Coutinho Afonso,Sintra,Longa,250|50|80,447 (adaptada),Scotturb,SU,Lote 1 - Noroeste,01/07/2022
1604,Carcavelos (Estação) - Parede (Terminal),"Cascais, Oeiras",Longa,250|50|80,471/479,Scotturb,SU,Lote 1 - Noroeste,01/07/2022
1111,Barcarena | Circular,Oeiras,Longa,250|50|80,COMBUS Barcarena,CM Oeiras,CB,Lote 1 - Noroeste,01/07/2022
1109,"Carnaxide, via Outurela | Circular",Oeiras,Próxima,80|115|255,COMBUS Carnaxide,CM Oeiras,CB,Lote 1 - Noroeste,01/07/2022
1102,Cruz Quebrada (Piscinas) - Algés Junça (Centro Comercial),Oeiras,Longa,250|50|80,COMBUS Cruz Quebrada,CM Oeiras,CB,Lote 1 - Noroeste,01/07/2022
1121,Oeiras | Circular,Oeiras,Longa,250|50|80,COMBUS Oeiras,CM Oeiras,CB,Lote 1 - Noroeste,01/07/2022
1122,B Joaquim Matias - Caxias (Ped Italiana),Oeiras,Longa,250|50|80,COMBUS Paço de Arcos,CM Oeiras,CB,Lote 1 - Noroeste,01/07/2022
1125,Porto Salvo | Circular,Oeiras,Longa,250|50|80,COMBUS Porto Salvo,CM Oeiras,CB,Lote 1 - Noroeste,01/07/2022
1110,"Carnaxide, via Queijas | Circular",Oeiras,Longa,250|50|80,COMBUS Queijas,CM Oeiras,CB,Lote 1 - Noroeste,01/07/2022
1001,Alfragide (Estrada do Seminario) - Reboleira (Estação),Amadora,Longa,250|50|80,,,,Lote 1 - Noroeste,01/07/2022
1002,Alfragide (Igreja) - Amadora (Estação Norte),Amadora,Longa,250|50|80,,,,Lote 1 - Noroeste,01/07/2022
1008,Amadora Este (Metro) | Circular,Amadora,Próxima,80|115|255,,,,Lote 1 - Noroeste,01/07/2022
1009,"Amadora (Hospital),Via Mina e Venteira | Circular",Amadora,Próxima,80|115|255,,,,Lote 1 - Noroeste,01/07/2022
1010,Brandoa (Pólo Escolar) - Casal da Mira,Amadora,Longa,250|50|80,,,,Lote 1 - Noroeste,01/07/2022
1012,Brandoa (Largo) | Circular,Amadora,Próxima,80|115|255,,,,Lote 1 - Noroeste,01/07/2022
1013,"Amadora (Cemitério) - Atalaia (Esc Secundária), via Casas do Lago",Amadora,Longa,250|50|80,,,,Lote 1 - Noroeste,01/07/2022
1014,"Amadora (Cemitério) - Vila Chã, via Casas do Lago",Amadora,Longa,250|50|80,,,,Lote 1 - Noroeste,01/07/2022
1015,"Reboleira (Estação), Via Damaia | Circular",Amadora,Próxima,80|115|255,,,,Lote 1 - Noroeste,01/07/2022
1228,"Massamá-Barcarena (Estação Norte), via Belas | Circular",Sintra,Longa,250|50|80,,,,Lote 1 - Noroeste,01/07/2022
1232,"Rio de Mouro (Estação), via Mem Martins | Circular",Sintra,Longa,250|50|80,,,,Lote 1 - Noroeste,01/07/2022
1242,Casais Cabrela (Largo) - Almoçageme (Mercado),Sintra,Longa,250|50|80,,,,Lote 1 - Noroeste,01/07/2022
1244,Casal de Cambra (Escola) - Portela Sintra (Estação Norte),Sintra,Longa,250|50|80,,,,Lote 1 - Noroeste,01/07/2022
1501,"Reboleira (Estação), via ZI Alfragide | Circular","Amadora, Oeiras",Próxima,80|115|255,,,,Lote 1 - Noroeste,01/07/2022
1506,"Amadora (Hospital), via Alfragide e Damaia| Circular","Amadora, Oeiras",Longa,250|50|80,,,,Lote 1 - Noroeste,01/07/2022
1509,Amadora (Hospital) - Casal de Cambra (C. Saúde),"Amadora, Sintra",Longa,250|50|80,,,,Lote 1 - Noroeste,01/07/2022
1516,Casal de Cambra (Igreja) - Monte Abraão (Estação),"Amadora, Sintra",Longa,250|50|80,,,,Lote 1 - Noroeste,01/07/2022
1520,Algés (Terminal) - Cacém (Estação),"Oeiras, Sintra",Longa,250|50|80,,,,Lote 1 - Noroeste,01/07/2022
1521,"Algés (Terminal) - Cacém (Estação), via A5","Oeiras, Sintra",Longa,250|50|80,,,,Lote 1 - Noroeste,01/07/2022
1605,"Carnaxide (Av. João Paulo II) - Carcavelos (Nova SBE), via A5","Cascais, Oeiras",Longa,250|50|80,,,,Lote 1 - Noroeste,01/07/2022
1606,"Carnaxide (Av. João Paulo II) - Carcavelos (Nova SBE), via Terrugem","Cascais, Oeiras",Longa,250|50|80,,,,Lote 1 - Noroeste,01/07/2022
1612,Cacém (Estação) - Carcavelos (Estação),"Cascais, Oeiras, Sintra",Longa,250|50|80,,,,Lote 1 - Noroeste,01/07/2022
1719,Casal de Cambra - Colégio Militar (Metro),"Amadora, Lisboa, Sintra",Longa,250|50|80,,,,Lote 1 - Noroeste,01/07/2022
1731,Cacém (Estação) - Hospital São Francisco Xavier,"Lisboa, Oeiras, Sintra",Longa,250|50|80,,,,Lote 1 - Noroeste,01/07/2022