line_id,line_name,municipalities,fare,fare_color,old_line_id,old_operator,old_operator_code,area,start_date
3004,Almada Forum - Marisol,Almada,Longa,250|50|80,179,Transportes Sul do Tejo,TST,Lote 3 - Sudoeste,01/07/2022
3009,Cacilhas (terminal - Trafaria (Terminal),Almada,Longa,250|50|80,Novas Linhas,Carris Metroplitana,CM,Lote 3 - Sudoeste,01/07/2022
3017,Charneca da Caparica - Pragal (Estação),Almada,Longa,250|50|80,Novas Linhas,Carris Metroplitana,CM,Lote 3 - Sudoeste,01/07/2022
3019,Charneca da Caparica - Trafaria (Terminal),Almada,Longa,250|50|80,Novas Linhas,Carris Metroplitana,CM,Lote 3 - Sudoeste,01/07/2022
3021,Costa da Caparica - Monte da Caparica (FCT),Almada,Longa,250|50|80,Novas Linhas,Carris Metroplitana,CM,Lote 3 - Sudoeste,01/07/2022
3121,Seixal | Circular,Seixal,Próxima,80|115|255,Novas Linhas,Carris Metroplitana,CM,Lote 3 - Sudoeste,01/07/2022
3222,Quinta do Conde | Circular,Sesimbra,Próxima,80|115|255,Novas Linhas,Carris Metroplitana,CM,Lote 3 - Sudoeste,01/07/2022
3601,Barreiro - Cova da Piedade (Metro),"Almada, Barreiro, Seixal",Longa,250|50|80,Novas Linhas,Carris Metroplitana,CM,Lote 3 - Sudoeste,01/07/2022
3615,Barreiro - Seixal,"Barreiro, Seixal",Longa,250|50|80,Novas Linhas,Carris Metroplitana,CM,Lote 3 - Sudoeste,01/07/2022
3106,Coina (Estação) - Fernão Ferro,Seixal,Próxima,80|115|255,Novas Linhas,Carris Metroplitana,CM,Lote 3 - Sudoeste,19/12/2022
3541,"Coina (Estação) - Fernão Ferro, via Casal do Sapo e Pinhal do General","Seixal, Sesimbra",Longa,250|50|80,Novas Linhas,Carris Metroplitana,CM,Lote 3 - Sudoeste,19/12/2022
3544,Coina (Estação) - Sesimbra (Terminal),"Seixal, Sesimbra",Longa,250|50|80,Novas Linhas,Carris Metroplitana,CM,Lote 3 - Sudoeste,19/12/2022
3525,Hospital Garcia de Orta - Miratejo,"Almada, Seixal",Longa,250|50|80,181,Transportes Sul do Tejo,TST,Lote 3 - Sudoeste,01/07/2022
3101,Amora - Foros de Amora (Estação),Seixal,Próxima,80|115|255,1A,SulFertagus,SF,Lote 3 - Sudoeste,01/07/2022
3516,Charneca da Caparica - Corroios (Estação),"Almada, Seixal",Longa,250|50|80,1C,SulFertagus,SF,Lote 3 - Sudoeste,01/07/2022
3112,"Fogueteiro (Estação) - Seixal (Terminal Fluvial), via Paio Pires",Seixal,Próxima,80|115|255,1F,SulFertagus,SF,Lote 3 - Sudoeste,01/07/2022
3620,Coina (Estação) - Quinta do Conde,"Barreiro, Seixal, Sesimbra",Longa,250|50|80,1N,SulFertagus,SF,Lote 3 - Sudoeste,01/07/2022
3027,Hospital Garcia de Orta - Sobreda,Almada,Longa,250|50|80,1P,SulFertagus,SF,Lote 3 - Sudoeste,01/07/2022
3108,Fogueteiro - Foros de Amora (Estação),Seixal,Próxima,80|115|255,2A,SulFertagus,SF,Lote 3 - Sudoeste,01/07/2022
3506,"Cacilhas (Terminal) - Corroios (Estação), via Miratejo","Almada, Seixal",Longa,250|50|80,2C,SulFertagus,SF,Lote 3 - Sudoeste,01/07/2022
3113,"Fogueteiro (Estação) - Seixal (Terminal Fluvial), via Quinta do Cabral",Seixal,Próxima,80|115|255,2F,SulFertagus,SF,Lote 3 - Sudoeste,01/07/2022
3626,Coina (Estação) - Vila Nogueira de Azeitão,"Barreiro, Seixal, Sesimbra, Setúbal",Longa,250|50|80,2N,SulFertagus,SF,Lote 3 - Sudoeste,01/07/2022
3543,"Coina (Estação) - Quinta do Conde, via Estrada de Coina","Seixal, Sesimbra",Longa,250|50|80,2ND,SulFertagus,SF,Lote 3 - Sudoeste,01/07/2022
3517,Chegadinho - Corroios (Estação),"Almada, Seixal",Longa,250|50|80,3C,SulFertagus,SF,Lote 3 - Sudoeste,01/07/2022
3105,Fernão Ferro - Fogueteiro (Estação),Seixal,Longa,250|50|80,3F,SulFertagus,SF,Lote 3 - Sudoeste,01/07/2022
3109,Fogueteiro (Estação) - Parque Empresarial do Seixal,Seixal,Longa,250|50|80,4F,SulFertagus,SF,Lote 3 - Sudoeste,01/07/2022
3013,Cacilhas (Terminal) - Feijó (Almada Forum),Almada,Longa,250|50|80,123,Transportes Sul do Tejo,TST,Lote 3 - Sudoeste,01/07/2022
3022,Costa da Caparica (Terminal) - Cacilhas (Terminal),Almada,Longa,250|50|80,124,Transportes Sul do Tejo,TST,Lote 3 - Sudoeste,01/07/2022
3507,Cacilhas (Terminal) - Marisol,"Almada, Seixal",Longa,250|50|80,126,Transportes Sul do Tejo,TST,Lote 3 - Sudoeste,01/07/2022
3524,Hospital Garcia de Orta - Marisol,"Almada, Seixal",Longa,250|50|80,126,Transportes Sul do Tejo,TST,Lote 3 - Sudoeste,01/07/2022
3012,Cacilhas (Terminal) - Fonte da Telha,Almada,Longa,250|50|80,127,Transportes Sul do Tejo,TST,Lote 3 - Sudoeste,01/07/2022
3034,Porto Brandão (Terminal) - Quinta do Texugo,Almada,Longa,250|50|80,146,Transportes Sul do Tejo,TST,Lote 3 - Sudoeste,01/07/2022
3024,Costa da Caparica (Terminal) - Pragal (Estação),Almada,Longa,250|50|80,174,Transportes Sul do Tejo,TST,Lote 3 - Sudoeste,01/07/2022
3001,Almada (Cristo Rei) - Cacilhas (Terminal),Almada,Próxima,80|115|255,101,Transportes Sul do Tejo,TST,Lote 3 - Sudoeste,01/07/2022
3003,Almada Forum - Cacilhas (Terminal),Almada,Longa,250|50|80,102,Transportes Sul do Tejo,TST,Lote 3 - Sudoeste,01/07/2022
3007,Bairro Fundo Fomento - Cacilhas (Terminal),Almada,Longa,250|50|80,106,Transportes Sul do Tejo,TST,Lote 3 - Sudoeste,01/07/2022
3103,Corroios (Estação) - Paio Pires (Farinheiras),Seixal,Longa,250|50|80,108,Transportes Sul do Tejo,TST,Lote 3 - Sudoeste,01/07/2022
3513,Cacilhas (Terminal) - Santa Marta do Pinhal,"Almada, Seixal",Longa,250|50|80,110,Transportes Sul do Tejo,TST,Lote 3 - Sudoeste,01/07/2022
3114,Foros de Amora - Paio Pires (Quinta Flamância),Seixal,Longa,250|50|80,112,Transportes Sul do Tejo,TST,Lote 3 - Sudoeste,01/07/2022
3508,Cacilhas (Terminal) - Paio Pires (Centro),"Almada, Seixal",Longa,250|50|80,114,Transportes Sul do Tejo,TST,Lote 3 - Sudoeste,01/07/2022
3521,Cruz de Pau - Fonte da Telha,"Almada, Seixal",Longa,250|50|80,116,Transportes Sul do Tejo,TST,Lote 3 - Sudoeste,01/07/2022
3523,"Fonte da Telha - Paio Pires (Quinta Flamância), via Seixal (Terminal Fluvial) e Foros de Amora (Estação)","Almada, Seixal",Longa,250|50|80,116,Transportes Sul do Tejo,TST,Lote 3 - Sudoeste,01/07/2022
3014,Cacilhas (terminal) - Raposeira,Almada,Longa,250|50|80,117,Transportes Sul do Tejo,TST,Lote 3 - Sudoeste,01/07/2022
3515,Caparica (Pilotos) -  Corroios,"Almada, Seixal",Longa,250|50|80,120,Transportes Sul do Tejo,TST,Lote 3 - Sudoeste,01/07/2022
3526,Laranjeiro - Pinheirinho,"Almada, Seixal",Longa,250|50|80,121,Transportes Sul do Tejo,TST,Lote 3 - Sudoeste,01/07/2022
3040,Cacilhas - Quinta do Texugo,Almada,Longa,250|50|80,123,Transportes Sul do Tejo,TST,Lote 3 - Sudoeste,13/09/2022
3030,Fonte da Telha - Monte da Caparica (FCT),Almada,Longa,250|50|80,129,Transportes Sul do Tejo,TST,Lote 3 - Sudoeste,01/07/2022
3030,Fonte da Telha - Monte da Caparica (FCT),Almada,Longa,250|50|80,130,Transportes Sul do Tejo,TST,Lote 3 - Sudoeste,01/07/2022
3041,Caparica (Pilotos) - Cacilhas (Terminal),Almada,Longa,250|50|80,133,Transportes Sul do Tejo,TST,Lote 3 - Sudoeste,13/09/2022
3011,Cacilhas (Terminal) - Costa da Caparica,Almada,Longa,250|50|80,135,Transportes Sul do Tejo,TST,Lote 3 - Sudoeste,01/07/2022
3110,Fogueteiro (Estação) - Redondos,Seixal,Longa,250|50|80,137,Transportes Sul do Tejo,TST,Lote 3 - Sudoeste,01/07/2022
3120,Redondos - Seixal (Terminal Fluvial),Seixal,Longa,250|50|80,137,Transportes Sul do Tejo,TST,Lote 3 - Sudoeste,01/07/2022
3518,Corroios (Estação) - Vale de Figueira,"Almada, Seixal",Longa,250|50|80,143,Transportes Sul do Tejo,TST,Lote 3 - Sudoeste,01/07/2022
3008,Banática - Quintinhas,Almada,Longa,250|50|80,146,Transportes Sul do Tejo,TST,Lote 3 - Sudoeste,01/07/2022
3512,Cacilhas (Terminal) - Quinta Princesa,"Almada, Seixal",Longa,250|50|80,149,Transportes Sul do Tejo,TST,Lote 3 - Sudoeste,01/07/2022
3704,Charneca da Caparica - Lisboa (M. Pombal),"Almada, Lisboa",Longa,250|50|80,151,Transportes Sul do Tejo,TST,Lote 3 - Sudoeste,01/07/2022
3710,Costa da Caparica (Terminal) - Lisboa (Sete Rios),"Almada, Lisboa",Longa,250|50|80,153,Transportes Sul do Tejo,TST,Lote 3 - Sudoeste,01/07/2022
3710,Costa da Caparica (Terminal) - Lisboa (Sete Rios),"Almada, Lisboa",Longa,250|50|80,161,Transportes Sul do Tejo,TST,Lote 3 - Sudoeste,01/07/2022
3709,Costa da Caparica (Terminal) - Lisboa (M. Pombal),"Almada, Lisboa",Longa,250|50|80,155,Transportes Sul do Tejo,TST,Lote 3 - Sudoeste,01/07/2022
3711,Monte da Caparica (FCT) - Lisboa (Sete Rios),"Almada, Lisboa",Longa,250|50|80,158,Transportes Sul do Tejo,TST,Lote 3 - Sudoeste,01/07/2022
3716,Lisboa (Sete Rios) - Marisol,"Almada, Lisboa, Seixal",Longa,250|50|80,159,Transportes Sul do Tejo,TST,Lote 3 - Sudoeste,01/07/2022
3703,Almada (Parque Urbano) - Lisboa (Sete Rios),"Almada, Lisboa",Longa,250|50|80,160,Transportes Sul do Tejo,TST,Lote 3 - Sudoeste,01/07/2022
3717,Lisboa (Sete Rios) - Quinta do Brasileiro,"Almada, Lisboa, Seixal",Longa,250|50|80,162,Transportes Sul do Tejo,TST,Lote 3 - Sudoeste,01/07/2022
3023,Costa da Caparica (terminal) - Laranjeiro,Almada,Longa,250|50|80,167,Transportes Sul do Tejo,TST,Lote 3 - Sudoeste,19/12/2022
3715,Lisboa (M. Pombal) - Santa Marta do Pinhal,"Almada, Lisboa, Seixal",Longa,250|50|80,169,Transportes Sul do Tejo,TST,Lote 3 - Sudoeste,01/07/2022
3015,Charneca da Caparica - Cova do Vapor,Almada,Longa,250|50|80,171,Transportes Sul do Tejo,TST,Lote 3 - Sudoeste,01/07/2022
3702,Almada (Parque Urbano) - Lisboa (C. Universitária),"Almada, Lisboa",Longa,250|50|80,176,Transportes Sul do Tejo,TST,Lote 3 - Sudoeste,01/07/2022
3018,Charneca da Caparica - Sobreda,Almada,Longa,250|50|80,180,Transportes Sul do Tejo,TST,Lote 3 - Sudoeste,01/07/2022
3026,Cova da Piedade - Hospital Garcia de Orta,Almada,Próxima,80|115|255,182,Transportes Sul do Tejo,TST,Lote 3 - Sudoeste,01/07/2022
3111,Fogueteiro (Estação) - Seixal (Terminal Fluvial),Seixal,Longa,250|50|80,184,Transportes Sul do Tejo,TST,Lote 3 - Sudoeste,01/07/2022
3104,Corroios (Estação) - Vale de Milhaços,Seixal,Longa,250|50|80,191,Transportes Sul do Tejo,TST,Lote 3 - Sudoeste,01/07/2022
3514,Cacilhas (Terminal) - Vale de Milhaços,"Almada, Seixal",Longa,250|50|80,191,Transportes Sul do Tejo,TST,Lote 3 - Sudoeste,01/07/2022
3511,Cacilhas (Terminal) - Pinheirinho,"Almada, Seixal",Longa,250|50|80,192,Transportes Sul do Tejo,TST,Lote 3 - Sudoeste,01/07/2022
3119,Pinhal Conde Cunha - Seixal (Terminal Fluvial),Seixal,Longa,250|50|80,195,Transportes Sul do Tejo,TST,Lote 3 - Sudoeste,01/07/2022
3510,Cacilhas (Terminal) - Pilotos,"Almada, Seixal",Longa,250|50|80,196,Transportes Sul do Tejo,TST,Lote 3 - Sudoeste,01/07/2022
3504,Hospital Garcia da Orta - Quintinhas,"Almada, Seixal",Longa,250|50|80,197,Transportes Sul do Tejo,TST,Lote 3 - Sudoeste,13/09/2022
3502,Almada Forum - Paio Pires (Centro),"Almada, Seixal",Longa,250|50|80,198,Transportes Sul do Tejo,TST,Lote 3 - Sudoeste,01/07/2022
3527,Monte da Caparica (FCT) - Paio Pires (Bairro Cucena),"Almada, Seixal",Longa,250|50|80,198,Transportes Sul do Tejo,TST,Lote 3 - Sudoeste,01/07/2022
3528,Monte da Caparica (FCT) - Paio Pires (Centro),"Almada, Seixal",Longa,250|50|80,198,Transportes Sul do Tejo,TST,Lote 3 - Sudoeste,01/07/2022
3509,"Cacilhas (Terminal) - Paio Pires (Centro), via Seixal (Terminal Fluvial) e Amora","Almada, Seixal",Longa,250|50|80,199,Transportes Sul do Tejo,TST,Lote 3 - Sudoeste,01/07/2022
3203,Azoia - Sesimbra (Terminal),Sesimbra,Longa,250|50|80,201,Transportes Sul do Tejo,TST,Lote 3 - Sudoeste,01/07/2022
3204,"Azoia - Sesimbra (Terminal), via Serra da Azoia",Sesimbra,Longa,250|50|80,201,Transportes Sul do Tejo,TST,Lote 3 - Sudoeste,01/07/2022
3205,Cabo Espichel - Sesimbra (Terminal),Sesimbra,Longa,250|50|80,201,Transportes Sul do Tejo,TST,Lote 3 - Sudoeste,01/07/2022
3205,Cabo Espichel - Sesimbra (Terminal),Sesimbra,Longa,250|50|80,205,Transportes Sul do Tejo,TST,Lote 3 - Sudoeste,01/07/2022
3536,Cacilhas (Terminal) - Sesimbra (Terminal),"Almada, Seixal, Sesimbra",Longa,250|50|80,203,Transportes Sul do Tejo,TST,Lote 3 - Sudoeste,01/07/2022
3206,Carrasqueira - Sesimbra (Terminal),Sesimbra,Longa,250|50|80,204,Transportes Sul do Tejo,TST,Lote 3 - Sudoeste,01/07/2022
3721,Lisboa (Sete Rios) - Sesimbra (Terminal),"Almada, Lisboa, Seixal, Sesimbra",Rápida,255|200|0,207,Transportes Sul do Tejo,TST,Lote 3 - Sudoeste,01/07/2022
3635,"Coina (Estação) - Sesimbra (Terminal), via Azeitão e Sampaio","Seixal, Sesimbra, Setúbal",Longa,250|50|80,208,Transportes Sul do Tejo,TST,Lote 3 - Sudoeste,01/07/2022
3641,"Quinta do Conde - Sampaio, via Azeitão","Sesimbra, Setúbal",Longa,250|50|80,208,Transportes Sul do Tejo,TST,Lote 3 - Sudoeste,01/07/2022
3217,Azoia - Sampaio,Sesimbra,Longa,250|50|80,210,Transportes Sul do Tejo,TST,Lote 3 - Sudoeste,01/07/2022
3549,"Quinta do Conde - Sesimbra (Terminal), via Sampaio e Marco do Grilo","Seixal, Sesimbra",Longa,250|50|80,211,Transportes Sul do Tejo,TST,Lote 3 - Sudoeste,01/07/2022
3548,Marco do Grilo - Quinta do Conde,"Seixal, Sesimbra",Longa,250|50|80,219,Transportes Sul do Tejo,TST,Lote 3 - Sudoeste,01/07/2022
3220,Sesimbra | Circular,Sesimbra,Próxima,80|115|255,221,Transportes Sul do Tejo,TST,Lote 3 - Sudoeste,01/07/2022
3202,"Alfarim - Sesimbra (Terminal), via Aiana",Sesimbra,Longa,250|50|80,222,Transportes Sul do Tejo,TST,Lote 3 - Sudoeste,01/07/2022
3209,"Fornos - Sesimbra (Terminal), via Aiana",Sesimbra,Longa,250|50|80,222,Transportes Sul do Tejo,TST,Lote 3 - Sudoeste,01/07/2022
3201,"Aldeia do Meco - Sesimbra (Terminal), via Aiana",Sesimbra,Longa,250|50|80,222,Transportes Sul do Tejo,TST,Lote 3 - Sudoeste,01/07/2022
3201,"Aldeia do Meco - Sesimbra (Terminal), via Aiana",Sesimbra,Longa,250|50|80,231,Transportes Sul do Tejo,TST,Lote 3 - Sudoeste,01/07/2022
3208,Fetais - Sesimbra (Terminal),Sesimbra,Longa,250|50|80,223,Transportes Sul do Tejo,TST,Lote 3 - Sudoeste,01/07/2022
3640,Azoia - Vila Nogueira de Azeitão,"Sesimbra, Setúbal",Longa,250|50|80,225,Transportes Sul do Tejo,TST,Lote 3 - Sudoeste,01/07/2022
3212,Maçã (Rua Macieira) - Sesimbra (Terminal),Sesimbra,Longa,250|50|80,227,Transportes Sul do Tejo,TST,Lote 3 - Sudoeste,01/07/2022
3216,Alto das Vinhas - Sampaio,Sesimbra,Longa,250|50|80,227,Transportes Sul do Tejo,TST,Lote 3 - Sudoeste,01/07/2022
3218,Sesimbra (Porto de Abrigo) - Sesimbra (Terminal),Sesimbra,Próxima,80|115|255,228,Transportes Sul do Tejo,TST,Lote 3 - Sudoeste,01/07/2022
3213,Pinhal de Cima - Sesimbra (Terminal) | Circular,Sesimbra,Longa,250|50|80,229,Transportes Sul do Tejo,TST,Lote 3 - Sudoeste,01/07/2022
3215,Fornos - Sampaio,Sesimbra,Longa,250|50|80,234,Transportes Sul do Tejo,TST,Lote 3 - Sudoeste,01/07/2022
3107,Laranjeiras - Marco do Grilo,Seixal,Próxima,80|115|255,236,Transportes Sul do Tejo,TST,Lote 3 - Sudoeste,01/07/2022
3210,Lagoa de Albufeira - Sesimbra (Terminal),Sesimbra,Longa,250|50|80,240,Transportes Sul do Tejo,TST,Lote 3 - Sudoeste,01/07/2022
3211,"Lagoa de Albufeira - Sesimbra (Terminal), via Sampaio",Sesimbra,Longa,250|50|80,240,Transportes Sul do Tejo,TST,Lote 3 - Sudoeste,01/07/2022
3207,"Carrasqueira - Sesimbra (Terminal), via Valbom e Sampaio",Sesimbra,Longa,250|50|80,243,Transportes Sul do Tejo,TST,Lote 3 - Sudoeste,01/07/2022
3221,"Valbom - Sesimbra (Terminal), via Sampaio",Sesimbra,Longa,250|50|80,243,Transportes Sul do Tejo,TST,Lote 3 - Sudoeste,01/07/2022
3214,Sampaio - Santana,Sesimbra,Longa,250|50|80,247,Transportes Sul do Tejo,TST,Lote 3 - Sudoeste,01/07/2022
3720,Lisboa (Sete Rios) - Quinta do Conde,"Almada, Lisboa, Seixal, Sesimbra",Rápida,255|200|0,252,Transportes Sul do Tejo,TST,Lote 3 - Sudoeste,01/07/2022
3535,Cacilhas (Terminal) - Quinta do Conde,"Almada, Seixal, Sesimbra",Longa,250|50|80,254,Transportes Sul do Tejo,TST,Lote 3 - Sudoeste,01/07/2022
3546,Cruz de Pau - Quinta do Conde,"Seixal, Sesimbra",Longa,250|50|80,254,Transportes Sul do Tejo,TST,Lote 3 - Sudoeste,01/07/2022
3547,Fogueteiro (Estação) - Quinta do Conde,"Seixal, Sesimbra",Longa,250|50|80,254,Transportes Sul do Tejo,TST,Lote 3 - Sudoeste,01/07/2022
3545,Corroios (Estação) - Sesimbra (Terminal),"Seixal, Sesimbra",Longa,250|50|80,260,Transportes Sul do Tejo,TST,Lote 3 - Sudoeste,01/07/2022
3605,"Cacilhas (Terminal) - Setúbal (ITS), via Azeitão","Almada, Barreiro, Seixal, Sesimbra, Setúbal",Longa,250|50|80,783,Transportes Sul do Tejo,TST,Lote 3 - Sudoeste,01/07/2022